"filename", "language", "JavaScript", "Groovy", "Properties", "Batch", "XML", "Java", "Markdown", "Shell Script", "C", "Makefile", "C++", "JSON", "Objective-C", "comment", "blank", "total"
"/Users/lvwang2002/Desktop/CodeSource/work/kang_jia/kang_jia/.watchmanconfig", "JSON", 0, 0, 0, 0, 0, 0, 0, 0, 0, 0, 0, 1, 0, 0, 0, 1
"/Users/lvwang2002/Desktop/CodeSource/work/kang_jia/kang_jia/App.js", "JavaScript", 77, 0, 0, 0, 0, 0, 0, 0, 0, 0, 0, 0, 0, 33, 11, 121
"/Users/lvwang2002/Desktop/CodeSource/work/kang_jia/kang_jia/Cloud/AutoUpdateManager.js", "JavaScript", 195, 0, 0, 0, 0, 0, 0, 0, 0, 0, 0, 0, 0, 15, 33, 243
"/Users/lvwang2002/Desktop/CodeSource/work/kang_jia/kang_jia/Cloud/CloudChecker.js", "JavaScript", 186, 0, 0, 0, 0, 0, 0, 0, 0, 0, 0, 0, 0, 3, 22, 211
"/Users/lvwang2002/Desktop/CodeSource/work/kang_jia/kang_jia/Cloud/CloudManager.js", "JavaScript", 1827, 0, 0, 0, 0, 0, 0, 0, 0, 0, 0, 0, 0, 89, 265, 2181
"/Users/lvwang2002/Desktop/CodeSource/work/kang_jia/kang_jia/Cloud/DeviceManager.js", "JavaScript", 670, 0, 0, 0, 0, 0, 0, 0, 0, 0, 0, 0, 0, 31, 82, 783
"/Users/lvwang2002/Desktop/CodeSource/work/kang_jia/kang_jia/Cloud/Util.js", "JavaScript", 49, 0, 0, 0, 0, 0, 0, 0, 0, 0, 0, 0, 0, 1, 9, 59
"/Users/lvwang2002/Desktop/CodeSource/work/kang_jia/kang_jia/PublicLibs/JLog.js", "JavaScript", 7, 0, 0, 0, 0, 0, 0, 0, 0, 0, 0, 0, 0, 2, 2, 11
"/Users/lvwang2002/Desktop/CodeSource/work/kang_jia/kang_jia/PublicLibs/LocationManager.js", "JavaScript", 106, 0, 0, 0, 0, 0, 0, 0, 0, 0, 0, 0, 0, 12, 12, 130
"/Users/lvwang2002/Desktop/CodeSource/work/kang_jia/kang_jia/PublicLibs/Looper.js", "JavaScript", 126, 0, 0, 0, 0, 0, 0, 0, 0, 0, 0, 0, 0, 4, 29, 159
"/Users/lvwang2002/Desktop/CodeSource/work/kang_jia/kang_jia/PublicLibs/LooperManager.js", "JavaScript", 36, 0, 0, 0, 0, 0, 0, 0, 0, 0, 0, 0, 0, 0, 5, 41
"/Users/lvwang2002/Desktop/CodeSource/work/kang_jia/kang_jia/PublicLibs/PublicMacro.js", "JavaScript", 7, 0, 0, 0, 0, 0, 0, 0, 0, 0, 0, 0, 0, 11, 3, 21
"/Users/lvwang2002/Desktop/CodeSource/work/kang_jia/kang_jia/PublicLibs/PublicMethods.js", "JavaScript", 176, 0, 0, 0, 0, 0, 0, 0, 0, 0, 0, 0, 0, 37, 35, 248
"/Users/lvwang2002/Desktop/CodeSource/work/kang_jia/kang_jia/PublicLibs/SharedEventEmitter.js", "JavaScript", 16, 0, 0, 0, 0, 0, 0, 0, 0, 0, 0, 0, 0, 4, 4, 24
"/Users/lvwang2002/Desktop/CodeSource/work/kang_jia/kang_jia/UIModule/Components/ActionButton/ActionButtonsMixin.js", "JavaScript", 222, 0, 0, 0, 0, 0, 0, 0, 0, 0, 0, 0, 0, 17, 19, 258
"/Users/lvwang2002/Desktop/CodeSource/work/kang_jia/kang_jia/UIModule/Components/AlertView/AlertView.js", "JavaScript", 94, 0, 0, 0, 0, 0, 0, 0, 0, 0, 0, 0, 0, 1, 5, 100
"/Users/lvwang2002/Desktop/CodeSource/work/kang_jia/kang_jia/UIModule/Components/BgView/BgBaseView.js", "JavaScript", 116, 0, 0, 0, 0, 0, 0, 0, 0, 0, 0, 0, 0, 24, 18, 158
"/Users/lvwang2002/Desktop/CodeSource/work/kang_jia/kang_jia/UIModule/Components/BgView/BgErrorView.js", "JavaScript", 126, 0, 0, 0, 0, 0, 0, 0, 0, 0, 0, 0, 0, 19, 13, 158
"/Users/lvwang2002/Desktop/CodeSource/work/kang_jia/kang_jia/UIModule/Components/BgView/BgMainView.js", "JavaScript", 14, 0, 0, 0, 0, 0, 0, 0, 0, 0, 0, 0, 0, 1, 3, 18
"/Users/lvwang2002/Desktop/CodeSource/work/kang_jia/kang_jia/UIModule/Components/BgView/BgTestingView.js", "JavaScript", 131, 0, 0, 0, 0, 0, 0, 0, 0, 0, 0, 0, 0, 6, 11, 148
"/Users/lvwang2002/Desktop/CodeSource/work/kang_jia/kang_jia/UIModule/Components/CameraView/CameraView.js", "JavaScript", 87, 0, 0, 0, 0, 0, 0, 0, 0, 0, 0, 0, 0, 15, 9, 111
"/Users/lvwang2002/Desktop/CodeSource/work/kang_jia/kang_jia/UIModule/Components/ChartView/ChartView.js", "JavaScript", 103, 0, 0, 0, 0, 0, 0, 0, 0, 0, 0, 0, 0, 28, 12, 143
"/Users/lvwang2002/Desktop/CodeSource/work/kang_jia/kang_jia/UIModule/Components/ChartView/ChartViewT.js", "JavaScript", 103, 0, 0, 0, 0, 0, 0, 0, 0, 0, 0, 0, 0, 26, 15, 144
"/Users/lvwang2002/Desktop/CodeSource/work/kang_jia/kang_jia/UIModule/Components/ChartView/LineChartView.js", "JavaScript", 113, 0, 0, 0, 0, 0, 0, 0, 0, 0, 0, 0, 0, 23, 8, 144
"/Users/lvwang2002/Desktop/CodeSource/work/kang_jia/kang_jia/UIModule/Components/FunctionSlider/FunctionSlider.js", "JavaScript", 120, 0, 0, 0, 0, 0, 0, 0, 0, 0, 0, 0, 0, 0, 9, 129
"/Users/lvwang2002/Desktop/CodeSource/work/kang_jia/kang_jia/UIModule/Components/GenderView/GenderView.js", "JavaScript", 183, 0, 0, 0, 0, 0, 0, 0, 0, 0, 0, 0, 0, 13, 21, 217
"/Users/lvwang2002/Desktop/CodeSource/work/kang_jia/kang_jia/UIModule/Components/MeasureGenderView/MeasureGenderView.js", "JavaScript", 237, 0, 0, 0, 0, 0, 0, 0, 0, 0, 0, 0, 0, 38, 24, 299
"/Users/lvwang2002/Desktop/CodeSource/work/kang_jia/kang_jia/UIModule/Components/MeasureGenderView/Util.js", "JavaScript", 140, 0, 0, 0, 0, 0, 0, 0, 0, 0, 0, 0, 0, 27, 8, 175
"/Users/lvwang2002/Desktop/CodeSource/work/kang_jia/kang_jia/UIModule/Components/MeasureProgressView/MeasureProgressView.js", "JavaScript", 105, 0, 0, 0, 0, 0, 0, 0, 0, 0, 0, 0, 0, 5, 12, 122
"/Users/lvwang2002/Desktop/CodeSource/work/kang_jia/kang_jia/UIModule/Components/MeasureTypeView/MeasureTypeView.js", "JavaScript", 81, 0, 0, 0, 0, 0, 0, 0, 0, 0, 0, 0, 0, 3, 7, 91
"/Users/lvwang2002/Desktop/CodeSource/work/kang_jia/kang_jia/UIModule/Components/Mode/ModeUtil.js", "JavaScript", 499, 0, 0, 0, 0, 0, 0, 0, 0, 0, 0, 0, 0, 37, 55, 591
"/Users/lvwang2002/Desktop/CodeSource/work/kang_jia/kang_jia/UIModule/Components/UploadDataFlag/UploadDataFlagView.js", "JavaScript", 87, 0, 0, 0, 0, 0, 0, 0, 0, 0, 0, 0, 0, 6, 12, 105
"/Users/lvwang2002/Desktop/CodeSource/work/kang_jia/kang_jia/UIModule/Main/Checking/CheckingModule.js", "JavaScript", 57, 0, 0, 0, 0, 0, 0, 0, 0, 0, 0, 0, 0, 31, 7, 95
"/Users/lvwang2002/Desktop/CodeSource/work/kang_jia/kang_jia/UIModule/Main/Checking/CodeInput/CodeInputView.js", "JavaScript", 484, 0, 0, 0, 0, 0, 0, 0, 0, 0, 0, 0, 0, 78, 68, 630
"/Users/lvwang2002/Desktop/CodeSource/work/kang_jia/kang_jia/UIModule/Main/Checking/DeviceEquipped/DeviceEquippedView.js", "JavaScript", 860, 0, 0, 0, 0, 0, 0, 0, 0, 0, 0, 0, 0, 88, 116, 1064
"/Users/lvwang2002/Desktop/CodeSource/work/kang_jia/kang_jia/UIModule/Main/Checking/DeviceFInish/DeviceFinishView.js", "JavaScript", 220, 0, 0, 0, 0, 0, 0, 0, 0, 0, 0, 0, 0, 14, 19, 253
"/Users/lvwang2002/Desktop/CodeSource/work/kang_jia/kang_jia/UIModule/Main/Checking/DischargeElectricity/DischargeElectricityView.js", "JavaScript", 322, 0, 0, 0, 0, 0, 0, 0, 0, 0, 0, 0, 0, 36, 49, 407
"/Users/lvwang2002/Desktop/CodeSource/work/kang_jia/kang_jia/UIModule/Main/Checking/FunctionSelection/FunctionSelectionView.js", "JavaScript", 285, 0, 0, 0, 0, 0, 0, 0, 0, 0, 0, 0, 0, 40, 23, 348
"/Users/lvwang2002/Desktop/CodeSource/work/kang_jia/kang_jia/UIModule/Main/Checking/GenderSelection/GenderSelectionView.js", "JavaScript", 213, 0, 0, 0, 0, 0, 0, 0, 0, 0, 0, 0, 0, 47, 35, 295
"/Users/lvwang2002/Desktop/CodeSource/work/kang_jia/kang_jia/UIModule/Main/Checking/HandGuide/HandGuideView.js", "JavaScript", 179, 0, 0, 0, 0, 0, 0, 0, 0, 0, 0, 0, 0, 19, 22, 220
"/Users/lvwang2002/Desktop/CodeSource/work/kang_jia/kang_jia/UIModule/Main/Checking/PhotoTaken/PhotoTakenView.js", "JavaScript", 600, 0, 0, 0, 0, 0, 0, 0, 0, 0, 0, 0, 0, 140, 88, 828
"/Users/lvwang2002/Desktop/CodeSource/work/kang_jia/kang_jia/UIModule/Main/Checking/PhotoTaken/PhotoTakenView2.js", "JavaScript", 883, 0, 0, 0, 0, 0, 0, 0, 0, 0, 0, 0, 0, 130, 117, 1130
"/Users/lvwang2002/Desktop/CodeSource/work/kang_jia/kang_jia/UIModule/Main/Checking/PhotoTaken/SecScreenActionButton.js", "JavaScript", 72, 0, 0, 0, 0, 0, 0, 0, 0, 0, 0, 0, 0, 0, 7, 79
"/Users/lvwang2002/Desktop/CodeSource/work/kang_jia/kang_jia/UIModule/Main/Checking/QRScanning/QRScanningMode1View.js", "JavaScript", 364, 0, 0, 0, 0, 0, 0, 0, 0, 0, 0, 0, 0, 21, 47, 432
"/Users/lvwang2002/Desktop/CodeSource/work/kang_jia/kang_jia/UIModule/Main/Checking/QRScanning/QRScanningView.js", "JavaScript", 392, 0, 0, 0, 0, 0, 0, 0, 0, 0, 0, 0, 0, 38, 51, 481
"/Users/lvwang2002/Desktop/CodeSource/work/kang_jia/kang_jia/UIModule/Main/Checking/TakePhoto/TakePhotoFaceView.js", "JavaScript", 93, 0, 0, 0, 0, 0, 0, 0, 0, 0, 0, 0, 0, 5, 10, 108
"/Users/lvwang2002/Desktop/CodeSource/work/kang_jia/kang_jia/UIModule/Main/Checking/TakePhoto/TakePhotoTongueView.js", "JavaScript", 25, 0, 0, 0, 0, 0, 0, 0, 0, 0, 0, 0, 0, 0, 3, 28
"/Users/lvwang2002/Desktop/CodeSource/work/kang_jia/kang_jia/UIModule/Main/Checking/UserInfo/BothCodeInputView.js", "JavaScript", 581, 0, 0, 0, 0, 0, 0, 0, 0, 0, 0, 0, 0, 17, 62, 660
"/Users/lvwang2002/Desktop/CodeSource/work/kang_jia/kang_jia/UIModule/Main/Checking/UserInfo/MobileInputView.js", "JavaScript", 447, 0, 0, 0, 0, 0, 0, 0, 0, 0, 0, 0, 0, 15, 49, 511
"/Users/lvwang2002/Desktop/CodeSource/work/kang_jia/kang_jia/UIModule/Main/Checking/UserInfo/SalesmanCodeInputView.js", "JavaScript", 449, 0, 0, 0, 0, 0, 0, 0, 0, 0, 0, 0, 0, 15, 49, 513
"/Users/lvwang2002/Desktop/CodeSource/work/kang_jia/kang_jia/UIModule/Main/Checking/UserInfo/UserInfoView.js", "JavaScript", 521, 0, 0, 0, 0, 0, 0, 0, 0, 0, 0, 0, 0, 17, 39, 577
"/Users/lvwang2002/Desktop/CodeSource/work/kang_jia/kang_jia/UIModule/Main/Checking/UserInfo/VerifyCodeInputView.js", "JavaScript", 725, 0, 0, 0, 0, 0, 0, 0, 0, 0, 0, 0, 0, 32, 71, 828
"/Users/lvwang2002/Desktop/CodeSource/work/kang_jia/kang_jia/UIModule/Main/Measurement/Index/MeasureMainView.js", "JavaScript", 885, 0, 0, 0, 0, 0, 0, 0, 0, 0, 0, 0, 0, 79, 151, 1115
"/Users/lvwang2002/Desktop/CodeSource/work/kang_jia/kang_jia/UIModule/Main/Measurement/Index/MeasureMainViewT.js", "JavaScript", 375, 0, 0, 0, 0, 0, 0, 0, 0, 0, 0, 0, 0, 63, 72, 510
"/Users/lvwang2002/Desktop/CodeSource/work/kang_jia/kang_jia/UIModule/Main/System/ErrorModule/SystemErrorView.js", "JavaScript", 463, 0, 0, 0, 0, 0, 0, 0, 0, 0, 0, 0, 0, 24, 68, 555
"/Users/lvwang2002/Desktop/CodeSource/work/kang_jia/kang_jia/UIModule/Main/System/LaunchModule/SystemLaunchView.js", "JavaScript", 445, 0, 0, 0, 0, 0, 0, 0, 0, 0, 0, 0, 0, 44, 57, 546
"/Users/lvwang2002/Desktop/CodeSource/work/kang_jia/kang_jia/UIModule/Main/System/StandbyModule/SystemSettingWiFiView.js", "JavaScript", 246, 0, 0, 0, 0, 0, 0, 0, 0, 0, 0, 0, 0, 1, 20, 267
"/Users/lvwang2002/Desktop/CodeSource/work/kang_jia/kang_jia/UIModule/Main/System/StandbyModule/SystemStandbyView.js", "JavaScript", 829, 0, 0, 0, 0, 0, 0, 0, 0, 0, 0, 0, 0, 68, 86, 983
"/Users/lvwang2002/Desktop/CodeSource/work/kang_jia/kang_jia/UIModule/Main/System/UpgradeModule/SystemUpgradeView.js", "JavaScript", 235, 0, 0, 0, 0, 0, 0, 0, 0, 0, 0, 0, 0, 17, 30, 282
"/Users/lvwang2002/Desktop/CodeSource/work/kang_jia/kang_jia/UIModule/Main/System/UploadModule/SystemFinishView.js", "JavaScript", 151, 0, 0, 0, 0, 0, 0, 0, 0, 0, 0, 0, 0, 61, 18, 230
"/Users/lvwang2002/Desktop/CodeSource/work/kang_jia/kang_jia/UIModule/Main/System/UploadModule/SystemMode1FinishView.js", "JavaScript", 173, 0, 0, 0, 0, 0, 0, 0, 0, 0, 0, 0, 0, 19, 20, 212
"/Users/lvwang2002/Desktop/CodeSource/work/kang_jia/kang_jia/UIModule/Main/System/UploadModule/SystemSalesmanFinishView.js", "JavaScript", 173, 0, 0, 0, 0, 0, 0, 0, 0, 0, 0, 0, 0, 18, 17, 208
"/Users/lvwang2002/Desktop/CodeSource/work/kang_jia/kang_jia/UIModule/Main/System/UploadModule/SystemUploadView.js", "JavaScript", 305, 0, 0, 0, 0, 0, 0, 0, 0, 0, 0, 0, 0, 32, 32, 369
"/Users/lvwang2002/Desktop/CodeSource/work/kang_jia/kang_jia/UIModule/Main/System/UploadModule/SystemUserInfoFinishView.js", "JavaScript", 180, 0, 0, 0, 0, 0, 0, 0, 0, 0, 0, 0, 0, 27, 20, 227
"/Users/lvwang2002/Desktop/CodeSource/work/kang_jia/kang_jia/UIModule/Main/System/UploadModule/SystemVerifyCodeInfoFinishView.js", "JavaScript", 177, 0, 0, 0, 0, 0, 0, 0, 0, 0, 0, 0, 0, 20, 19, 216
"/Users/lvwang2002/Desktop/CodeSource/work/kang_jia/kang_jia/UIModule/Main/System/UploadModule/UploadModule.js", "JavaScript", 29, 0, 0, 0, 0, 0, 0, 0, 0, 0, 0, 0, 0, 12, 2, 43
"/Users/lvwang2002/Desktop/CodeSource/work/kang_jia/kang_jia/UIModule/Main/Tooling/SettingFunction/SettingFunctionView.js", "JavaScript", 169, 0, 0, 0, 0, 0, 0, 0, 0, 0, 0, 0, 0, 20, 19, 208
"/Users/lvwang2002/Desktop/CodeSource/work/kang_jia/kang_jia/UIModule/Main/Tooling/ToolingConsole/ToolingConsoleView.js", "JavaScript", 166, 0, 0, 0, 0, 0, 0, 0, 0, 0, 0, 0, 0, 32, 26, 224
"/Users/lvwang2002/Desktop/CodeSource/work/kang_jia/kang_jia/UIModule/Main/Tooling/ToolingDetail/ToolingBurnInView.js", "JavaScript", 505, 0, 0, 0, 0, 0, 0, 0, 0, 0, 0, 0, 0, 46, 62, 613
"/Users/lvwang2002/Desktop/CodeSource/work/kang_jia/kang_jia/UIModule/Main/Tooling/ToolingDetail/ToolingDetailView.js", "JavaScript", 217, 0, 0, 0, 0, 0, 0, 0, 0, 0, 0, 0, 0, 21, 48, 286
"/Users/lvwang2002/Desktop/CodeSource/work/kang_jia/kang_jia/UIModule/Main/Tooling/ToolingModule.js", "JavaScript", 23, 0, 0, 0, 0, 0, 0, 0, 0, 0, 0, 0, 0, 8, 6, 37
"/Users/lvwang2002/Desktop/CodeSource/work/kang_jia/kang_jia/UIModule/Main/Tooling/ToolingRoot/ToolingCellView.js", "JavaScript", 140, 0, 0, 0, 0, 0, 0, 0, 0, 0, 0, 0, 0, 4, 11, 155
"/Users/lvwang2002/Desktop/CodeSource/work/kang_jia/kang_jia/UIModule/Main/Tooling/ToolingRoot/ToolingRootView.js", "JavaScript", 1129, 0, 0, 0, 0, 0, 0, 0, 0, 0, 0, 0, 0, 17, 141, 1287
"/Users/lvwang2002/Desktop/CodeSource/work/kang_jia/kang_jia/UIModule/Util/DemoData.js", "JavaScript", 152, 0, 0, 0, 0, 0, 0, 0, 0, 0, 0, 0, 0, 9, 13, 174
"/Users/lvwang2002/Desktop/CodeSource/work/kang_jia/kang_jia/UIModule/Util/ErrorInfo.js", "JavaScript", 66, 0, 0, 0, 0, 0, 0, 0, 0, 0, 0, 0, 0, 6, 5, 77
"/Users/lvwang2002/Desktop/CodeSource/work/kang_jia/kang_jia/UIModule/Util/LoggingUtils.js", "JavaScript", 187, 0, 0, 0, 0, 0, 0, 0, 0, 0, 0, 0, 0, 47, 37, 271
"/Users/lvwang2002/Desktop/CodeSource/work/kang_jia/kang_jia/UIModule/Util/NavigationRoutesConfig.js", "JavaScript", 27, 0, 0, 0, 0, 0, 0, 0, 0, 0, 0, 0, 0, 9, 5, 41
"/Users/lvwang2002/Desktop/CodeSource/work/kang_jia/kang_jia/UIModule/Util/TimeoutTimer.js", "JavaScript", 37, 0, 0, 0, 0, 0, 0, 0, 0, 0, 0, 0, 0, 11, 7, 55
"/Users/lvwang2002/Desktop/CodeSource/work/kang_jia/kang_jia/UIModule/Util/TypeInfo.js", "JavaScript", 12, 0, 0, 0, 0, 0, 0, 0, 0, 0, 0, 0, 0, 8, 1, 21
"/Users/lvwang2002/Desktop/CodeSource/work/kang_jia/kang_jia/android/EBOLIB2ND/ChartLib/build.gradle", "Groovy", 0, 26, 0, 0, 0, 0, 0, 0, 0, 0, 0, 0, 0, 0, 7, 33
"/Users/lvwang2002/Desktop/CodeSource/work/kang_jia/kang_jia/android/EBOLIB2ND/ChartLib/src/main/AndroidManifest.xml", "XML", 0, 0, 0, 0, 2, 0, 0, 0, 0, 0, 0, 0, 0, 0, 1, 3
"/Users/lvwang2002/Desktop/CodeSource/work/kang_jia/kang_jia/android/EBOLIB2ND/ChartLib/src/main/java/com/ebo/kline/KCombinedChart.java", "Java", 0, 0, 0, 0, 0, 69, 0, 0, 0, 0, 0, 0, 0, 12, 26, 107
"/Users/lvwang2002/Desktop/CodeSource/work/kang_jia/kang_jia/android/EBOLIB2ND/ChartLib/src/main/java/com/ebo/kline/KConfig.java", "Java", 0, 0, 0, 0, 0, 95, 0, 0, 0, 0, 0, 0, 0, 4, 44, 143
"/Users/lvwang2002/Desktop/CodeSource/work/kang_jia/kang_jia/android/EBOLIB2ND/ChartLib/src/main/java/com/ebo/kline/KDataAdapter.java", "Java", 0, 0, 0, 0, 0, 52, 0, 0, 0, 0, 0, 0, 0, 9, 28, 89
"/Users/lvwang2002/Desktop/CodeSource/work/kang_jia/kang_jia/android/EBOLIB2ND/ChartLib/src/main/java/com/ebo/kline/KDataGenerator.java", "Java", 0, 0, 0, 0, 0, 274, 0, 0, 0, 0, 0, 0, 0, 10, 87, 371
"/Users/lvwang2002/Desktop/CodeSource/work/kang_jia/kang_jia/android/EBOLIB2ND/ChartLib/src/main/java/com/ebo/kline/KLineView.java", "Java", 0, 0, 0, 0, 0, 330, 0, 0, 0, 0, 0, 0, 0, 50, 79, 459
"/Users/lvwang2002/Desktop/CodeSource/work/kang_jia/kang_jia/android/EBOLIB2ND/ChartLib/src/main/java/com/ebo/kline/listener/CoupleChartGestureListener.java", "Java", 0, 0, 0, 0, 0, 74, 0, 0, 0, 0, 0, 0, 0, 7, 18, 99
"/Users/lvwang2002/Desktop/CodeSource/work/kang_jia/kang_jia/android/EBOLIB2ND/ChartLib/src/main/java/com/ebo/kline/listener/InfoViewListener.java", "Java", 0, 0, 0, 0, 0, 58, 0, 0, 0, 0, 0, 0, 0, 6, 11, 75
"/Users/lvwang2002/Desktop/CodeSource/work/kang_jia/kang_jia/android/EBOLIB2ND/ChartLib/src/main/java/com/ebo/kline/listener/OnDataChangeListener.java", "Java", 0, 0, 0, 0, 0, 4, 0, 0, 0, 0, 0, 0, 0, 3, 6, 13
"/Users/lvwang2002/Desktop/CodeSource/work/kang_jia/kang_jia/android/EBOLIB2ND/ChartLib/src/main/java/com/ebo/kline/model/BOLLModel.java", "Java", 0, 0, 0, 0, 0, 24, 0, 0, 0, 0, 0, 0, 0, 3, 10, 37
"/Users/lvwang2002/Desktop/CodeSource/work/kang_jia/kang_jia/android/EBOLIB2ND/ChartLib/src/main/java/com/ebo/kline/model/ECandleEntry.java", "Java", 0, 0, 0, 0, 0, 24, 0, 0, 0, 0, 0, 0, 0, 3, 11, 38
"/Users/lvwang2002/Desktop/CodeSource/work/kang_jia/kang_jia/android/EBOLIB2ND/ChartLib/src/main/java/com/ebo/kline/model/EMAModel.java", "Java", 0, 0, 0, 0, 0, 33, 0, 0, 0, 0, 0, 0, 0, 3, 16, 52
"/Users/lvwang2002/Desktop/CodeSource/work/kang_jia/kang_jia/android/EBOLIB2ND/ChartLib/src/main/java/com/ebo/kline/model/HisData.java", "Java", 0, 0, 0, 0, 0, 217, 0, 0, 0, 0, 0, 0, 0, 7, 73, 297
"/Users/lvwang2002/Desktop/CodeSource/work/kang_jia/kang_jia/android/EBOLIB2ND/ChartLib/src/main/java/com/ebo/kline/model/KDJModel.java", "Java", 0, 0, 0, 0, 0, 32, 0, 0, 0, 0, 0, 0, 0, 3, 11, 46
"/Users/lvwang2002/Desktop/CodeSource/work/kang_jia/kang_jia/android/EBOLIB2ND/ChartLib/src/main/java/com/ebo/kline/model/MACDModel.java", "Java", 0, 0, 0, 0, 0, 32, 0, 0, 0, 0, 0, 0, 0, 3, 11, 46
"/Users/lvwang2002/Desktop/CodeSource/work/kang_jia/kang_jia/android/EBOLIB2ND/ChartLib/src/main/java/com/ebo/kline/model/RSIModel.java", "Java", 0, 0, 0, 0, 0, 91, 0, 0, 0, 0, 0, 0, 0, 3, 25, 119
"/Users/lvwang2002/Desktop/CodeSource/work/kang_jia/kang_jia/android/EBOLIB2ND/ChartLib/src/main/java/com/ebo/kline/model/SMAModel.java", "Java", 0, 0, 0, 0, 0, 19, 0, 0, 0, 0, 0, 0, 0, 3, 10, 32
"/Users/lvwang2002/Desktop/CodeSource/work/kang_jia/kang_jia/android/EBOLIB2ND/ChartLib/src/main/java/com/ebo/kline/render/ColorContentYAxisRenderer.java", "Java", 0, 0, 0, 0, 0, 170, 0, 0, 0, 0, 0, 0, 0, 9, 60, 239
"/Users/lvwang2002/Desktop/CodeSource/work/kang_jia/kang_jia/android/EBOLIB2ND/ChartLib/src/main/java/com/ebo/kline/render/KBarChartRenderer.java", "Java", 0, 0, 0, 0, 0, 352, 0, 0, 0, 0, 0, 0, 0, 179, 142, 673
"/Users/lvwang2002/Desktop/CodeSource/work/kang_jia/kang_jia/android/EBOLIB2ND/ChartLib/src/main/java/com/ebo/kline/render/KCandleStickChartRenderer.java", "Java", 0, 0, 0, 0, 0, 329, 0, 0, 0, 0, 0, 0, 0, 111, 122, 562
"/Users/lvwang2002/Desktop/CodeSource/work/kang_jia/kang_jia/android/EBOLIB2ND/ChartLib/src/main/java/com/ebo/kline/render/KCombinedChartRenderer.java", "Java", 0, 0, 0, 0, 0, 130, 0, 0, 0, 0, 0, 0, 0, 18, 58, 206
"/Users/lvwang2002/Desktop/CodeSource/work/kang_jia/kang_jia/android/EBOLIB2ND/ChartLib/src/main/java/com/ebo/kline/render/KLineChartRenderer.java", "Java", 0, 0, 0, 0, 0, 13, 0, 0, 0, 0, 0, 0, 0, 3, 7, 23
"/Users/lvwang2002/Desktop/CodeSource/work/kang_jia/kang_jia/android/EBOLIB2ND/ChartLib/src/main/java/com/ebo/kline/util/KLineXValueFormatter.java", "Java", 0, 0, 0, 0, 0, 23, 0, 0, 0, 0, 0, 0, 0, 4, 9, 36
"/Users/lvwang2002/Desktop/CodeSource/work/kang_jia/kang_jia/android/EBOLIB2ND/ChartLib/src/main/java/com/ebo/kline/util/KUtils.java", "Java", 0, 0, 0, 0, 0, 86, 0, 0, 0, 0, 0, 0, 0, 11, 30, 127
"/Users/lvwang2002/Desktop/CodeSource/work/kang_jia/kang_jia/android/EBOLIB2ND/ChartLib/src/main/java/com/ebo/kline/util/YValueFormatter.java", "Java", 0, 0, 0, 0, 0, 13, 0, 0, 0, 0, 0, 0, 0, 6, 6, 25
"/Users/lvwang2002/Desktop/CodeSource/work/kang_jia/kang_jia/android/EBOLIB2ND/ChartLib/src/main/java/com/ebo/kline/util/index/BOLL.java", "Java", 0, 0, 0, 0, 0, 39, 0, 0, 0, 0, 0, 0, 0, 1, 11, 51
"/Users/lvwang2002/Desktop/CodeSource/work/kang_jia/kang_jia/android/EBOLIB2ND/ChartLib/src/main/java/com/ebo/kline/util/index/Index.java", "Java", 0, 0, 0, 0, 0, 3, 0, 0, 0, 0, 0, 0, 0, 0, 8, 11
"/Users/lvwang2002/Desktop/CodeSource/work/kang_jia/kang_jia/android/EBOLIB2ND/ChartLib/src/main/java/com/ebo/kline/util/index/KDJ.java", "Java", 0, 0, 0, 0, 0, 64, 0, 0, 0, 0, 0, 0, 0, 2, 14, 80
"/Users/lvwang2002/Desktop/CodeSource/work/kang_jia/kang_jia/android/EBOLIB2ND/ChartLib/src/main/java/com/ebo/kline/util/index/MACD.java", "Java", 0, 0, 0, 0, 0, 54, 0, 0, 0, 0, 0, 0, 0, 9, 22, 85
"/Users/lvwang2002/Desktop/CodeSource/work/kang_jia/kang_jia/android/EBOLIB2ND/ChartLib/src/main/java/com/ebo/kline/util/index/RSI.java", "Java", 0, 0, 0, 0, 0, 45, 0, 0, 0, 0, 0, 0, 0, 1, 13, 59
"/Users/lvwang2002/Desktop/CodeSource/work/kang_jia/kang_jia/android/EBOLIB2ND/ChartLib/src/main/java/com/ebo/kline/util/index/SMA.java", "Java", 0, 0, 0, 0, 0, 81, 0, 0, 0, 0, 0, 0, 0, 14, 30, 125
"/Users/lvwang2002/Desktop/CodeSource/work/kang_jia/kang_jia/android/EBOLIB2ND/ChartLib/src/main/java/com/ebo/kline/view/ChartInfoView.java", "Java", 0, 0, 0, 0, 0, 34, 0, 0, 0, 0, 0, 0, 0, 3, 13, 50
"/Users/lvwang2002/Desktop/CodeSource/work/kang_jia/kang_jia/android/EBOLIB2ND/ChartLib/src/main/java/com/ebo/kline/view/ChartInfoViewHandler.java", "Java", 0, 0, 0, 0, 0, 42, 0, 0, 0, 0, 0, 0, 0, 3, 10, 55
"/Users/lvwang2002/Desktop/CodeSource/work/kang_jia/kang_jia/android/EBOLIB2ND/ChartLib/src/main/java/com/ebo/kline/view/KLineChartInfoView.java", "Java", 0, 0, 0, 0, 0, 55, 0, 0, 0, 0, 0, 0, 0, 5, 13, 73
"/Users/lvwang2002/Desktop/CodeSource/work/kang_jia/kang_jia/android/EBOLIB2ND/ChartLib/src/main/java/com/ebo/kline/view/LineChartInfoView.java", "Java", 0, 0, 0, 0, 0, 39, 0, 0, 0, 0, 0, 0, 0, 6, 14, 59
"/Users/lvwang2002/Desktop/CodeSource/work/kang_jia/kang_jia/android/EBOLIB2ND/ChartLib/src/main/java/com/ebo/kline/view/LineChartXMarkerView.java", "Java", 0, 0, 0, 0, 0, 26, 0, 0, 0, 0, 0, 0, 0, 9, 10, 45
"/Users/lvwang2002/Desktop/CodeSource/work/kang_jia/kang_jia/android/EBOLIB2ND/ChartLib/src/main/java/com/ebo/kline/view/LineChartYMarkerView.java", "Java", 0, 0, 0, 0, 0, 23, 0, 0, 0, 0, 0, 0, 0, 8, 9, 40
"/Users/lvwang2002/Desktop/CodeSource/work/kang_jia/kang_jia/android/EBOLIB2ND/ChartLib/src/main/res/drawable/shape_line_group_layout.xml", "XML", 0, 0, 0, 0, 12, 0, 0, 0, 0, 0, 0, 0, 0, 0, 3, 15
"/Users/lvwang2002/Desktop/CodeSource/work/kang_jia/kang_jia/android/EBOLIB2ND/ChartLib/src/main/res/layout/view_kline.xml", "XML", 0, 0, 0, 0, 56, 0, 0, 0, 0, 0, 0, 0, 0, 0, 20, 76
"/Users/lvwang2002/Desktop/CodeSource/work/kang_jia/kang_jia/android/EBOLIB2ND/ChartLib/src/main/res/layout/view_kline_chart_info.xml", "XML", 0, 0, 0, 0, 173, 0, 0, 0, 0, 0, 0, 0, 0, 0, 24, 197
"/Users/lvwang2002/Desktop/CodeSource/work/kang_jia/kang_jia/android/EBOLIB2ND/ChartLib/src/main/res/layout/view_line_chart_info.xml", "XML", 0, 0, 0, 0, 87, 0, 0, 0, 0, 0, 0, 0, 0, 0, 2, 89
"/Users/lvwang2002/Desktop/CodeSource/work/kang_jia/kang_jia/android/EBOLIB2ND/ChartLib/src/main/res/layout/view_mp_real_price_marker.xml", "XML", 0, 0, 0, 0, 21, 0, 0, 0, 0, 0, 0, 0, 0, 0, 3, 24
"/Users/lvwang2002/Desktop/CodeSource/work/kang_jia/kang_jia/android/EBOLIB2ND/ChartLib/src/main/res/values-en/strings.xml", "XML", 0, 0, 0, 0, 12, 0, 0, 0, 0, 0, 0, 0, 0, 0, 7, 19
"/Users/lvwang2002/Desktop/CodeSource/work/kang_jia/kang_jia/android/EBOLIB2ND/ChartLib/src/main/res/values-ja-rJP/strings.xml", "XML", 0, 0, 0, 0, 11, 0, 0, 0, 0, 0, 0, 0, 0, 0, 4, 15
"/Users/lvwang2002/Desktop/CodeSource/work/kang_jia/kang_jia/android/EBOLIB2ND/ChartLib/src/main/res/values-zh-rTW/strings.xml", "XML", 0, 0, 0, 0, 12, 0, 0, 0, 0, 0, 0, 0, 0, 0, 6, 18
"/Users/lvwang2002/Desktop/CodeSource/work/kang_jia/kang_jia/android/EBOLIB2ND/ChartLib/src/main/res/values/colors.xml", "XML", 0, 0, 0, 0, 22, 0, 0, 0, 0, 0, 0, 0, 0, 1, 8, 31
"/Users/lvwang2002/Desktop/CodeSource/work/kang_jia/kang_jia/android/EBOLIB2ND/ChartLib/src/main/res/values/strings.xml", "XML", 0, 0, 0, 0, 11, 0, 0, 0, 0, 0, 0, 0, 0, 0, 2, 13
"/Users/lvwang2002/Desktop/CodeSource/work/kang_jia/kang_jia/android/EBOLIB2ND/CommonLib/build.gradle", "Groovy", 0, 31, 0, 0, 0, 0, 0, 0, 0, 0, 0, 0, 0, 5, 11, 47
"/Users/lvwang2002/Desktop/CodeSource/work/kang_jia/kang_jia/android/EBOLIB2ND/CommonLib/src/main/AndroidManifest.xml", "XML", 0, 0, 0, 0, 2, 0, 0, 0, 0, 0, 0, 0, 0, 0, 1, 3
"/Users/lvwang2002/Desktop/CodeSource/work/kang_jia/kang_jia/android/EBOLIB2ND/CommonLib/src/main/java/com/ebo/commonlib/CommonApplication.java", "Java", 0, 0, 0, 0, 0, 17, 0, 0, 0, 0, 0, 0, 0, 3, 10, 30
"/Users/lvwang2002/Desktop/CodeSource/work/kang_jia/kang_jia/android/EBOLIB2ND/CommonLib/src/main/java/com/ebo/commonlib/model/GsonModel.java", "Java", 0, 0, 0, 0, 0, 3, 0, 0, 0, 0, 0, 0, 0, 3, 3, 9
"/Users/lvwang2002/Desktop/CodeSource/work/kang_jia/kang_jia/android/EBOLIB2ND/CommonLib/src/main/java/com/ebo/commonlib/ui/CommonActivity.java", "Java", 0, 0, 0, 0, 0, 77, 0, 0, 0, 0, 0, 0, 0, 9, 21, 107
"/Users/lvwang2002/Desktop/CodeSource/work/kang_jia/kang_jia/android/EBOLIB2ND/CommonLib/src/main/java/com/ebo/commonlib/ui/CommonFragment.java", "Java", 0, 0, 0, 0, 0, 16, 0, 0, 0, 0, 0, 0, 0, 3, 9, 28
"/Users/lvwang2002/Desktop/CodeSource/work/kang_jia/kang_jia/android/EBOLIB2ND/CommonLib/src/main/java/com/ebo/commonlib/utils/AppLanguageUtils.java", "Java", 0, 0, 0, 0, 0, 102, 0, 0, 0, 0, 0, 0, 0, 12, 27, 141
"/Users/lvwang2002/Desktop/CodeSource/work/kang_jia/kang_jia/android/EBOLIB2ND/CommonLib/src/main/java/com/ebo/commonlib/utils/AppUtil.java", "Java", 0, 0, 0, 0, 0, 191, 0, 0, 0, 0, 0, 0, 0, 35, 21, 247
"/Users/lvwang2002/Desktop/CodeSource/work/kang_jia/kang_jia/android/EBOLIB2ND/CommonLib/src/main/java/com/ebo/commonlib/utils/C.java", "Java", 0, 0, 0, 0, 0, 6, 0, 0, 0, 0, 0, 0, 0, 3, 4, 13
"/Users/lvwang2002/Desktop/CodeSource/work/kang_jia/kang_jia/android/EBOLIB2ND/CommonLib/src/main/java/com/ebo/commonlib/utils/CacheUtility.java", "Java", 0, 0, 0, 0, 0, 34, 0, 0, 0, 0, 0, 0, 0, 0, 6, 40
"/Users/lvwang2002/Desktop/CodeSource/work/kang_jia/kang_jia/android/EBOLIB2ND/CommonLib/src/main/java/com/ebo/commonlib/utils/ConstantLanguages.java", "Java", 0, 0, 0, 0, 0, 7, 0, 0, 0, 0, 0, 0, 0, 7, 4, 18
"/Users/lvwang2002/Desktop/CodeSource/work/kang_jia/kang_jia/android/EBOLIB2ND/CommonLib/src/main/java/com/ebo/commonlib/utils/DensityUtil.java", "Java", 0, 0, 0, 0, 0, 119, 0, 0, 0, 0, 0, 0, 0, 67, 24, 210
"/Users/lvwang2002/Desktop/CodeSource/work/kang_jia/kang_jia/android/EBOLIB2ND/CommonLib/src/main/java/com/ebo/commonlib/utils/FileOpen.java", "Java", 0, 0, 0, 0, 0, 45, 0, 0, 0, 0, 0, 0, 0, 121, 5, 171
"/Users/lvwang2002/Desktop/CodeSource/work/kang_jia/kang_jia/android/EBOLIB2ND/CommonLib/src/main/java/com/ebo/commonlib/utils/FilePathUtils.java", "Java", 0, 0, 0, 0, 0, 11, 0, 0, 0, 0, 0, 0, 0, 3, 11, 25
"/Users/lvwang2002/Desktop/CodeSource/work/kang_jia/kang_jia/android/EBOLIB2ND/CommonLib/src/main/java/com/ebo/commonlib/utils/IDeviceId.java", "Java", 0, 0, 0, 0, 0, 23, 0, 0, 0, 0, 0, 0, 0, 6, 14, 43
"/Users/lvwang2002/Desktop/CodeSource/work/kang_jia/kang_jia/android/EBOLIB2ND/CommonLib/src/main/java/com/ebo/commonlib/utils/IFileUtil.java", "Java", 0, 0, 0, 0, 0, 307, 0, 0, 0, 0, 0, 0, 0, 97, 55, 459
"/Users/lvwang2002/Desktop/CodeSource/work/kang_jia/kang_jia/android/EBOLIB2ND/CommonLib/src/main/java/com/ebo/commonlib/utils/IToast.java", "Java", 0, 0, 0, 0, 0, 9, 0, 0, 0, 0, 0, 0, 0, 9, 6, 24
"/Users/lvwang2002/Desktop/CodeSource/work/kang_jia/kang_jia/android/EBOLIB2ND/CommonLib/src/main/java/com/ebo/commonlib/utils/I_Share.java", "Java", 0, 0, 0, 0, 0, 469, 0, 0, 0, 0, 0, 0, 0, 80, 86, 635
"/Users/lvwang2002/Desktop/CodeSource/work/kang_jia/kang_jia/android/EBOLIB2ND/CommonLib/src/main/java/com/ebo/commonlib/utils/JsonT.java", "Java", 0, 0, 0, 0, 0, 59, 0, 0, 0, 0, 0, 0, 0, 3, 20, 82
"/Users/lvwang2002/Desktop/CodeSource/work/kang_jia/kang_jia/android/EBOLIB2ND/CommonLib/src/main/java/com/ebo/commonlib/utils/Lg.java", "Java", 0, 0, 0, 0, 0, 13, 0, 0, 0, 0, 0, 0, 0, 3, 4, 20
"/Users/lvwang2002/Desktop/CodeSource/work/kang_jia/kang_jia/android/EBOLIB2ND/CommonLib/src/main/java/com/ebo/commonlib/utils/LogFormatUtils.java", "Java", 0, 0, 0, 0, 0, 108, 0, 0, 0, 0, 0, 0, 0, 24, 8, 140
"/Users/lvwang2002/Desktop/CodeSource/work/kang_jia/kang_jia/android/EBOLIB2ND/CommonLib/src/main/java/com/ebo/commonlib/utils/MyAppInfo.java", "Java", 0, 0, 0, 0, 0, 91, 0, 0, 0, 0, 0, 0, 0, 28, 24, 143
"/Users/lvwang2002/Desktop/CodeSource/work/kang_jia/kang_jia/android/EBOLIB2ND/CommonLib/src/main/java/com/ebo/commonlib/utils/MySharedPreferences.java", "Java", 0, 0, 0, 0, 0, 36, 0, 0, 0, 0, 0, 0, 0, 8, 12, 56
"/Users/lvwang2002/Desktop/CodeSource/work/kang_jia/kang_jia/android/EBOLIB2ND/CommonLib/src/main/java/com/ebo/commonlib/utils/OSHelper.java", "Java", 0, 0, 0, 0, 0, 88, 0, 0, 0, 0, 0, 0, 0, 4, 24, 116
"/Users/lvwang2002/Desktop/CodeSource/work/kang_jia/kang_jia/android/EBOLIB2ND/CommonLib/src/main/java/com/ebo/commonlib/utils/OnDoubleClickListener.java", "Java", 0, 0, 0, 0, 0, 42, 0, 0, 0, 0, 0, 0, 0, 7, 6, 55
"/Users/lvwang2002/Desktop/CodeSource/work/kang_jia/kang_jia/android/EBOLIB2ND/CommonLib/src/main/java/com/ebo/commonlib/utils/PermissionUtils.java", "Java", 0, 0, 0, 0, 0, 166, 0, 0, 0, 0, 0, 0, 0, 8, 38, 212
"/Users/lvwang2002/Desktop/CodeSource/work/kang_jia/kang_jia/android/EBOLIB2ND/CommonLib/src/main/java/com/ebo/commonlib/utils/PhotoUtils.java", "Java", 0, 0, 0, 0, 0, 111, 0, 0, 0, 0, 0, 0, 0, 81, 20, 212
"/Users/lvwang2002/Desktop/CodeSource/work/kang_jia/kang_jia/android/EBOLIB2ND/CommonLib/src/main/java/com/ebo/commonlib/utils/Pub.java", "Java", 0, 0, 0, 0, 0, 113, 0, 0, 0, 0, 0, 0, 0, 19, 17, 149
"/Users/lvwang2002/Desktop/CodeSource/work/kang_jia/kang_jia/android/EBOLIB2ND/CommonLib/src/main/java/com/ebo/commonlib/utils/SmsObserver.java", "Java", 0, 0, 0, 0, 0, 89, 0, 0, 0, 0, 0, 0, 0, 55, 18, 162
"/Users/lvwang2002/Desktop/CodeSource/work/kang_jia/kang_jia/android/EBOLIB2ND/CommonLib/src/main/java/com/ebo/commonlib/utils/StringUtil.java", "Java", 0, 0, 0, 0, 0, 144, 0, 0, 0, 0, 0, 0, 0, 20, 38, 202
"/Users/lvwang2002/Desktop/CodeSource/work/kang_jia/kang_jia/android/EBOLIB2ND/CommonLib/src/main/java/com/ebo/commonlib/utils/gson/DoubleDefault0Adapter.java", "Java", 0, 0, 0, 0, 0, 30, 0, 0, 0, 0, 0, 0, 0, 0, 8, 38
"/Users/lvwang2002/Desktop/CodeSource/work/kang_jia/kang_jia/android/EBOLIB2ND/CommonLib/src/main/java/com/ebo/commonlib/utils/gson/FloatDefault0Adapter.java", "Java", 0, 0, 0, 0, 0, 30, 0, 0, 0, 0, 0, 0, 0, 0, 9, 39
"/Users/lvwang2002/Desktop/CodeSource/work/kang_jia/kang_jia/android/EBOLIB2ND/CommonLib/src/main/java/com/ebo/commonlib/utils/gson/IntegerDefault0Adapter.java", "Java", 0, 0, 0, 0, 0, 31, 0, 0, 0, 0, 0, 0, 0, 0, 6, 37
"/Users/lvwang2002/Desktop/CodeSource/work/kang_jia/kang_jia/android/EBOLIB2ND/CommonLib/src/main/java/com/ebo/commonlib/utils/gson/LongDefault0Adapter.java", "Java", 0, 0, 0, 0, 0, 31, 0, 0, 0, 0, 0, 0, 0, 0, 8, 39
"/Users/lvwang2002/Desktop/CodeSource/work/kang_jia/kang_jia/android/EBOLIB2ND/CommonLib/src/main/java/com/ebo/commonlib/utils/toastcompat/EToast2.java", "Java", 0, 0, 0, 0, 0, 95, 0, 0, 0, 0, 0, 0, 0, 9, 13, 117
"/Users/lvwang2002/Desktop/CodeSource/work/kang_jia/kang_jia/android/EBOLIB2ND/CommonLib/src/main/java/com/ebo/commonlib/utils/toastcompat/IToast.java", "Java", 0, 0, 0, 0, 0, 10, 0, 0, 0, 0, 0, 0, 0, 12, 7, 29
"/Users/lvwang2002/Desktop/CodeSource/work/kang_jia/kang_jia/android/EBOLIB2ND/CommonLib/src/main/java/com/ebo/commonlib/utils/toastcompat/Toast.java", "Java", 0, 0, 0, 0, 0, 84, 0, 0, 0, 0, 0, 0, 0, 8, 10, 102
"/Users/lvwang2002/Desktop/CodeSource/work/kang_jia/kang_jia/android/EBOLIB2ND/CommonLib/src/main/res/values-en/strings.xml", "XML", 0, 0, 0, 0, 20, 0, 0, 0, 0, 0, 0, 0, 0, 1, 1, 22
"/Users/lvwang2002/Desktop/CodeSource/work/kang_jia/kang_jia/android/EBOLIB2ND/CommonLib/src/main/res/values-zh-rTW/strings.xml", "XML", 0, 0, 0, 0, 20, 0, 0, 0, 0, 0, 0, 0, 0, 1, 4, 25
"/Users/lvwang2002/Desktop/CodeSource/work/kang_jia/kang_jia/android/EBOLIB2ND/CommonLib/src/main/res/values/res.xml", "XML", 0, 0, 0, 0, 7, 0, 0, 0, 0, 0, 0, 0, 0, 1, 0, 8
"/Users/lvwang2002/Desktop/CodeSource/work/kang_jia/kang_jia/android/EBOLIB2ND/CommonLib/src/main/res/values/strings.xml", "XML", 0, 0, 0, 0, 32, 0, 0, 0, 0, 0, 0, 0, 0, 3, 9, 44
"/Users/lvwang2002/Desktop/CodeSource/work/kang_jia/kang_jia/android/EBOLIB2ND/CoreLib/build.gradle", "Groovy", 0, 53, 0, 0, 0, 0, 0, 0, 0, 0, 0, 0, 0, 8, 11, 72
"/Users/lvwang2002/Desktop/CodeSource/work/kang_jia/kang_jia/android/EBOLIB2ND/CoreLib/src/main/AndroidManifest.xml", "XML", 0, 0, 0, 0, 39, 0, 0, 0, 0, 0, 0, 0, 0, 17, 16, 72
"/Users/lvwang2002/Desktop/CodeSource/work/kang_jia/kang_jia/android/EBOLIB2ND/CoreLib/src/main/java/bassproject/ebo/com/ebobass/activity/BaseFragment.java", "Java", 0, 0, 0, 0, 0, 78, 0, 0, 0, 0, 0, 0, 0, 20, 30, 128
"/Users/lvwang2002/Desktop/CodeSource/work/kang_jia/kang_jia/android/EBOLIB2ND/CoreLib/src/main/java/bassproject/ebo/com/ebobass/activity/MyBaseActivity.java", "Java", 0, 0, 0, 0, 0, 124, 0, 0, 0, 0, 0, 0, 0, 20, 30, 174
"/Users/lvwang2002/Desktop/CodeSource/work/kang_jia/kang_jia/android/EBOLIB2ND/CoreLib/src/main/java/bassproject/ebo/com/ebobass/activity/MyBassAppCompatActivity.java", "Java", 0, 0, 0, 0, 0, 114, 0, 0, 0, 0, 0, 0, 0, 17, 28, 159
"/Users/lvwang2002/Desktop/CodeSource/work/kang_jia/kang_jia/android/EBOLIB2ND/CoreLib/src/main/java/bassproject/ebo/com/ebobass/activity/TakePhotoActivity.java", "Java", 0, 0, 0, 0, 0, 33, 0, 0, 0, 0, 0, 0, 0, 3, 22, 58
"/Users/lvwang2002/Desktop/CodeSource/work/kang_jia/kang_jia/android/EBOLIB2ND/CoreLib/src/main/java/bassproject/ebo/com/ebobass/activity/TakePhotoFragment.java", "Java", 0, 0, 0, 0, 0, 37, 0, 0, 0, 0, 0, 0, 0, 3, 22, 62
"/Users/lvwang2002/Desktop/CodeSource/work/kang_jia/kang_jia/android/EBOLIB2ND/CoreLib/src/main/java/bassproject/ebo/com/ebobass/gen/DaoMaster.java", "Java", 0, 0, 0, 0, 0, 64, 0, 0, 0, 0, 0, 0, 0, 14, 19, 97
"/Users/lvwang2002/Desktop/CodeSource/work/kang_jia/kang_jia/android/EBOLIB2ND/CoreLib/src/main/java/bassproject/ebo/com/ebobass/gen/DaoSession.java", "Java", 0, 0, 0, 0, 0, 27, 0, 0, 0, 0, 0, 0, 0, 6, 16, 49
"/Users/lvwang2002/Desktop/CodeSource/work/kang_jia/kang_jia/android/EBOLIB2ND/CoreLib/src/main/java/bassproject/ebo/com/ebobass/gen/PhoneDao.java", "Java", 0, 0, 0, 0, 0, 94, 0, 0, 0, 0, 0, 0, 0, 10, 26, 130
"/Users/lvwang2002/Desktop/CodeSource/work/kang_jia/kang_jia/android/EBOLIB2ND/CoreLib/src/main/java/bassproject/ebo/com/ebobass/http_utils/asynctask/HttpGetAsyncTask.java", "Java", 0, 0, 0, 0, 0, 28, 0, 0, 0, 0, 0, 0, 0, 0, 9, 37
"/Users/lvwang2002/Desktop/CodeSource/work/kang_jia/kang_jia/android/EBOLIB2ND/CoreLib/src/main/java/bassproject/ebo/com/ebobass/http_utils/asynctask/HttpPostAsyncTask.java", "Java", 0, 0, 0, 0, 0, 46, 0, 0, 0, 0, 0, 0, 0, 0, 10, 56
"/Users/lvwang2002/Desktop/CodeSource/work/kang_jia/kang_jia/android/EBOLIB2ND/CoreLib/src/main/java/bassproject/ebo/com/ebobass/http_utils/https/HttpConnect.java", "Java", 0, 0, 0, 0, 0, 252, 0, 0, 0, 0, 0, 0, 0, 53, 36, 341
"/Users/lvwang2002/Desktop/CodeSource/work/kang_jia/kang_jia/android/EBOLIB2ND/CoreLib/src/main/java/bassproject/ebo/com/ebobass/http_utils/interfaces/IHttpGetListener.java", "Java", 0, 0, 0, 0, 0, 4, 0, 0, 0, 0, 0, 0, 0, 6, 2, 12
"/Users/lvwang2002/Desktop/CodeSource/work/kang_jia/kang_jia/android/EBOLIB2ND/CoreLib/src/main/java/bassproject/ebo/com/ebobass/http_utils/interfaces/IHttpPostListener.java", "Java", 0, 0, 0, 0, 0, 5, 0, 0, 0, 0, 0, 0, 0, 6, 6, 17
"/Users/lvwang2002/Desktop/CodeSource/work/kang_jia/kang_jia/android/EBOLIB2ND/CoreLib/src/main/java/bassproject/ebo/com/ebobass/http_utils/utils/Base64Utils.java", "Java", 0, 0, 0, 0, 0, 96, 0, 0, 0, 0, 0, 0, 0, 16, 11, 123
"/Users/lvwang2002/Desktop/CodeSource/work/kang_jia/kang_jia/android/EBOLIB2ND/CoreLib/src/main/java/bassproject/ebo/com/ebobass/http_utils/utils/Ipost.java", "Java", 0, 0, 0, 0, 0, 65, 0, 0, 0, 0, 0, 0, 0, 5, 22, 92
"/Users/lvwang2002/Desktop/CodeSource/work/kang_jia/kang_jia/android/EBOLIB2ND/CoreLib/src/main/java/bassproject/ebo/com/ebobass/http_utils/utils/LoadingUtils.java", "Java", 0, 0, 0, 0, 0, 36, 0, 0, 0, 0, 0, 0, 0, 10, 14, 60
"/Users/lvwang2002/Desktop/CodeSource/work/kang_jia/kang_jia/android/EBOLIB2ND/CoreLib/src/main/java/bassproject/ebo/com/ebobass/http_utils/utils/NetState.java", "Java", 0, 0, 0, 0, 0, 155, 0, 0, 0, 0, 0, 0, 0, 20, 13, 188
"/Users/lvwang2002/Desktop/CodeSource/work/kang_jia/kang_jia/android/EBOLIB2ND/CoreLib/src/main/java/bassproject/ebo/com/ebobass/http_utils/utils/RSASignature.java", "Java", 0, 0, 0, 0, 0, 129, 0, 0, 0, 0, 0, 0, 0, 32, 36, 197
"/Users/lvwang2002/Desktop/CodeSource/work/kang_jia/kang_jia/android/EBOLIB2ND/CoreLib/src/main/java/com/ebo/corelib/BaseApplication.java", "Java", 0, 0, 0, 0, 0, 15, 0, 0, 0, 0, 0, 0, 0, 0, 10, 25
"/Users/lvwang2002/Desktop/CodeSource/work/kang_jia/kang_jia/android/EBOLIB2ND/CoreLib/src/main/java/com/ebo/corelib/http/BaseApiImpl.java", "Java", 0, 0, 0, 0, 0, 11, 0, 0, 0, 0, 0, 0, 0, 3, 5, 19
"/Users/lvwang2002/Desktop/CodeSource/work/kang_jia/kang_jia/android/EBOLIB2ND/CoreLib/src/main/java/com/ebo/corelib/http/RxHttpUtils.java", "Java", 0, 0, 0, 0, 0, 101, 0, 0, 0, 0, 0, 0, 0, 81, 37, 219
"/Users/lvwang2002/Desktop/CodeSource/work/kang_jia/kang_jia/android/EBOLIB2ND/CoreLib/src/main/java/com/ebo/corelib/http/base/BaseDataObserver.java", "Java", 0, 0, 0, 0, 0, 31, 0, 0, 0, 0, 0, 0, 0, 12, 13, 56
"/Users/lvwang2002/Desktop/CodeSource/work/kang_jia/kang_jia/android/EBOLIB2ND/CoreLib/src/main/java/com/ebo/corelib/http/base/BaseObserver.java", "Java", 0, 0, 0, 0, 0, 29, 0, 0, 0, 0, 0, 0, 0, 7, 16, 52
"/Users/lvwang2002/Desktop/CodeSource/work/kang_jia/kang_jia/android/EBOLIB2ND/CoreLib/src/main/java/com/ebo/corelib/http/base/BaseStringObserver.java", "Java", 0, 0, 0, 0, 0, 27, 0, 0, 0, 0, 0, 0, 0, 12, 11, 50
"/Users/lvwang2002/Desktop/CodeSource/work/kang_jia/kang_jia/android/EBOLIB2ND/CoreLib/src/main/java/com/ebo/corelib/http/bean/BaseData.java", "Java", 0, 0, 0, 0, 0, 32, 0, 0, 0, 0, 0, 0, 0, 16, 11, 59
"/Users/lvwang2002/Desktop/CodeSource/work/kang_jia/kang_jia/android/EBOLIB2ND/CoreLib/src/main/java/com/ebo/corelib/http/constant/SPKeys.java", "Java", 0, 0, 0, 0, 0, 5, 0, 0, 0, 0, 0, 0, 0, 13, 4, 22
"/Users/lvwang2002/Desktop/CodeSource/work/kang_jia/kang_jia/android/EBOLIB2ND/CoreLib/src/main/java/com/ebo/corelib/http/download/BaseDownloadObserver.java", "Java", 0, 0, 0, 0, 0, 18, 0, 0, 0, 0, 0, 0, 0, 10, 11, 39
"/Users/lvwang2002/Desktop/CodeSource/work/kang_jia/kang_jia/android/EBOLIB2ND/CoreLib/src/main/java/com/ebo/corelib/http/download/DownloadApi.java", "Java", 0, 0, 0, 0, 0, 11, 0, 0, 0, 0, 0, 0, 0, 13, 6, 30
"/Users/lvwang2002/Desktop/CodeSource/work/kang_jia/kang_jia/android/EBOLIB2ND/CoreLib/src/main/java/com/ebo/corelib/http/download/DownloadManager.java", "Java", 0, 0, 0, 0, 0, 47, 0, 0, 0, 0, 0, 0, 0, 15, 21, 83
"/Users/lvwang2002/Desktop/CodeSource/work/kang_jia/kang_jia/android/EBOLIB2ND/CoreLib/src/main/java/com/ebo/corelib/http/download/DownloadObserver.java", "Java", 0, 0, 0, 0, 0, 65, 0, 0, 0, 0, 0, 0, 0, 31, 21, 117
"/Users/lvwang2002/Desktop/CodeSource/work/kang_jia/kang_jia/android/EBOLIB2ND/CoreLib/src/main/java/com/ebo/corelib/http/download/DownloadRetrofit.java", "Java", 0, 0, 0, 0, 0, 41, 0, 0, 0, 0, 0, 0, 0, 7, 15, 63
"/Users/lvwang2002/Desktop/CodeSource/work/kang_jia/kang_jia/android/EBOLIB2ND/CoreLib/src/main/java/com/ebo/corelib/http/download/ProgressListener.java", "Java", 0, 0, 0, 0, 0, 4, 0, 0, 0, 0, 0, 0, 0, 16, 6, 26
"/Users/lvwang2002/Desktop/CodeSource/work/kang_jia/kang_jia/android/EBOLIB2ND/CoreLib/src/main/java/com/ebo/corelib/http/exception/ApiException.java", "Java", 0, 0, 0, 0, 0, 105, 0, 0, 0, 0, 0, 0, 0, 32, 18, 155
"/Users/lvwang2002/Desktop/CodeSource/work/kang_jia/kang_jia/android/EBOLIB2ND/CoreLib/src/main/java/com/ebo/corelib/http/gson/DoubleDefault0Adapter.java", "Java", 0, 0, 0, 0, 0, 30, 0, 0, 0, 0, 0, 0, 0, 5, 5, 40
"/Users/lvwang2002/Desktop/CodeSource/work/kang_jia/kang_jia/android/EBOLIB2ND/CoreLib/src/main/java/com/ebo/corelib/http/gson/GsonAdapter.java", "Java", 0, 0, 0, 0, 0, 19, 0, 0, 0, 0, 0, 0, 0, 3, 5, 27
"/Users/lvwang2002/Desktop/CodeSource/work/kang_jia/kang_jia/android/EBOLIB2ND/CoreLib/src/main/java/com/ebo/corelib/http/gson/IntegerDefault0Adapter.java", "Java", 0, 0, 0, 0, 0, 31, 0, 0, 0, 0, 0, 0, 0, 5, 5, 41
"/Users/lvwang2002/Desktop/CodeSource/work/kang_jia/kang_jia/android/EBOLIB2ND/CoreLib/src/main/java/com/ebo/corelib/http/gson/LongDefault0Adapter.java", "Java", 0, 0, 0, 0, 0, 31, 0, 0, 0, 0, 0, 0, 0, 5, 5, 41
"/Users/lvwang2002/Desktop/CodeSource/work/kang_jia/kang_jia/android/EBOLIB2ND/CoreLib/src/main/java/com/ebo/corelib/http/http/GlobalRxHttp.java", "Java", 0, 0, 0, 0, 0, 121, 0, 0, 0, 0, 0, 0, 0, 103, 35, 259
"/Users/lvwang2002/Desktop/CodeSource/work/kang_jia/kang_jia/android/EBOLIB2ND/CoreLib/src/main/java/com/ebo/corelib/http/http/HttpClient.java", "Java", 0, 0, 0, 0, 0, 22, 0, 0, 0, 0, 0, 0, 0, 7, 13, 42
"/Users/lvwang2002/Desktop/CodeSource/work/kang_jia/kang_jia/android/EBOLIB2ND/CoreLib/src/main/java/com/ebo/corelib/http/http/RetrofitClient.java", "Java", 0, 0, 0, 0, 0, 33, 0, 0, 0, 0, 0, 0, 0, 7, 18, 58
"/Users/lvwang2002/Desktop/CodeSource/work/kang_jia/kang_jia/android/EBOLIB2ND/CoreLib/src/main/java/com/ebo/corelib/http/http/SSLUtils.java", "Java", 0, 0, 0, 0, 0, 132, 0, 0, 0, 0, 0, 0, 0, 47, 20, 199
"/Users/lvwang2002/Desktop/CodeSource/work/kang_jia/kang_jia/android/EBOLIB2ND/CoreLib/src/main/java/com/ebo/corelib/http/http/SingleRxHttp.java", "Java", 0, 0, 0, 0, 0, 179, 0, 0, 0, 0, 0, 0, 0, 55, 55, 289
"/Users/lvwang2002/Desktop/CodeSource/work/kang_jia/kang_jia/android/EBOLIB2ND/CoreLib/src/main/java/com/ebo/corelib/http/interceptor/AddCookiesInterceptor.java", "Java", 0, 0, 0, 0, 0, 23, 0, 0, 0, 0, 0, 0, 0, 8, 8, 39
"/Users/lvwang2002/Desktop/CodeSource/work/kang_jia/kang_jia/android/EBOLIB2ND/CoreLib/src/main/java/com/ebo/corelib/http/interceptor/CacheInterceptor.java", "Java", 0, 0, 0, 0, 0, 46, 0, 0, 0, 0, 0, 0, 0, 14, 8, 68
"/Users/lvwang2002/Desktop/CodeSource/work/kang_jia/kang_jia/android/EBOLIB2ND/CoreLib/src/main/java/com/ebo/corelib/http/interceptor/HeaderInterceptor.java", "Java", 0, 0, 0, 0, 0, 23, 0, 0, 0, 0, 0, 0, 0, 7, 9, 39
"/Users/lvwang2002/Desktop/CodeSource/work/kang_jia/kang_jia/android/EBOLIB2ND/CoreLib/src/main/java/com/ebo/corelib/http/interceptor/ReceivedCookiesInterceptor.java", "Java", 0, 0, 0, 0, 0, 35, 0, 0, 0, 0, 0, 0, 0, 17, 14, 66
"/Users/lvwang2002/Desktop/CodeSource/work/kang_jia/kang_jia/android/EBOLIB2ND/CoreLib/src/main/java/com/ebo/corelib/http/interceptor/Transformer.java", "Java", 0, 0, 0, 0, 0, 49, 0, 0, 0, 0, 0, 0, 0, 7, 13, 69
"/Users/lvwang2002/Desktop/CodeSource/work/kang_jia/kang_jia/android/EBOLIB2ND/CoreLib/src/main/java/com/ebo/corelib/http/interfaces/IDataSubscriber.java", "Java", 0, 0, 0, 0, 0, 9, 0, 0, 0, 0, 0, 0, 0, 25, 9, 43
"/Users/lvwang2002/Desktop/CodeSource/work/kang_jia/kang_jia/android/EBOLIB2ND/CoreLib/src/main/java/com/ebo/corelib/http/interfaces/IStringSubscriber.java", "Java", 0, 0, 0, 0, 0, 8, 0, 0, 0, 0, 0, 0, 0, 25, 8, 41
"/Users/lvwang2002/Desktop/CodeSource/work/kang_jia/kang_jia/android/EBOLIB2ND/CoreLib/src/main/java/com/ebo/corelib/http/interfaces/ISubscriber.java", "Java", 0, 0, 0, 0, 0, 8, 0, 0, 0, 0, 0, 0, 0, 25, 8, 41
"/Users/lvwang2002/Desktop/CodeSource/work/kang_jia/kang_jia/android/EBOLIB2ND/CoreLib/src/main/java/com/ebo/corelib/http/log/JsonLogger.java", "Java", 0, 0, 0, 0, 0, 21, 0, 0, 0, 0, 0, 0, 0, 6, 6, 33
"/Users/lvwang2002/Desktop/CodeSource/work/kang_jia/kang_jia/android/EBOLIB2ND/CoreLib/src/main/java/com/ebo/corelib/http/observer/CommonObserver.java", "Java", 0, 0, 0, 0, 0, 44, 0, 0, 0, 0, 0, 0, 0, 16, 24, 84
"/Users/lvwang2002/Desktop/CodeSource/work/kang_jia/kang_jia/android/EBOLIB2ND/CoreLib/src/main/java/com/ebo/corelib/http/observer/DataObserver.java", "Java", 0, 0, 0, 0, 0, 42, 0, 0, 0, 0, 0, 0, 0, 41, 16, 99
"/Users/lvwang2002/Desktop/CodeSource/work/kang_jia/kang_jia/android/EBOLIB2ND/CoreLib/src/main/java/com/ebo/corelib/http/observer/StringObserver.java", "Java", 0, 0, 0, 0, 0, 37, 0, 0, 0, 0, 0, 0, 0, 20, 20, 77
"/Users/lvwang2002/Desktop/CodeSource/work/kang_jia/kang_jia/android/EBOLIB2ND/CoreLib/src/main/java/com/ebo/corelib/http/upload/UploadFileApi.java", "Java", 0, 0, 0, 0, 0, 19, 0, 0, 0, 0, 0, 0, 0, 21, 8, 48
"/Users/lvwang2002/Desktop/CodeSource/work/kang_jia/kang_jia/android/EBOLIB2ND/CoreLib/src/main/java/com/ebo/corelib/http/upload/UploadRetrofit.java", "Java", 0, 0, 0, 0, 0, 95, 0, 0, 0, 0, 0, 0, 0, 8, 33, 136
"/Users/lvwang2002/Desktop/CodeSource/work/kang_jia/kang_jia/android/EBOLIB2ND/CoreLib/src/main/java/com/ebo/corelib/http/utils/AppUtils.java", "Java", 0, 0, 0, 0, 0, 43, 0, 0, 0, 0, 0, 0, 0, 18, 17, 78
"/Users/lvwang2002/Desktop/CodeSource/work/kang_jia/kang_jia/android/EBOLIB2ND/CoreLib/src/main/java/com/ebo/corelib/http/utils/GsonUtils.java", "Java", 0, 0, 0, 0, 0, 54, 0, 0, 0, 0, 0, 0, 0, 30, 9, 93
"/Users/lvwang2002/Desktop/CodeSource/work/kang_jia/kang_jia/android/EBOLIB2ND/CoreLib/src/main/java/com/ebo/corelib/http/utils/MD5.java", "Java", 0, 0, 0, 0, 0, 32, 0, 0, 0, 0, 0, 0, 0, 10, 10, 52
"/Users/lvwang2002/Desktop/CodeSource/work/kang_jia/kang_jia/android/EBOLIB2ND/CoreLib/src/main/java/com/ebo/corelib/http/utils/ParamUtils.java", "Java", 0, 0, 0, 0, 0, 23, 0, 0, 0, 0, 0, 0, 0, 7, 11, 41
"/Users/lvwang2002/Desktop/CodeSource/work/kang_jia/kang_jia/android/EBOLIB2ND/CoreLib/src/main/java/com/ebo/corelib/http/utils/SPUtils.java", "Java", 0, 0, 0, 0, 0, 178, 0, 0, 0, 0, 0, 0, 0, 104, 43, 325
"/Users/lvwang2002/Desktop/CodeSource/work/kang_jia/kang_jia/android/EBOLIB2ND/CoreLib/src/main/java/com/ebo/corelib/http/utils/ToastUtils.java", "Java", 0, 0, 0, 0, 0, 14, 0, 0, 0, 0, 0, 0, 0, 11, 8, 33
"/Users/lvwang2002/Desktop/CodeSource/work/kang_jia/kang_jia/android/EBOLIB2ND/CoreLib/src/main/java/com/ebo/corelib/orm/Phone.java", "Java", 0, 0, 0, 0, 0, 57, 0, 0, 0, 0, 0, 0, 0, 7, 17, 81
"/Users/lvwang2002/Desktop/CodeSource/work/kang_jia/kang_jia/android/EBOLIB2ND/CoreLib/src/main/java/com/ebo/corelib/orm/gen/DaoMaster.java", "Java", 0, 0, 0, 0, 0, 64, 0, 0, 0, 0, 0, 0, 0, 14, 20, 98
"/Users/lvwang2002/Desktop/CodeSource/work/kang_jia/kang_jia/android/EBOLIB2ND/CoreLib/src/main/java/com/ebo/corelib/orm/gen/DaoSession.java", "Java", 0, 0, 0, 0, 0, 26, 0, 0, 0, 0, 0, 0, 0, 6, 15, 47
"/Users/lvwang2002/Desktop/CodeSource/work/kang_jia/kang_jia/android/EBOLIB2ND/CoreLib/src/main/java/com/ebo/corelib/orm/gen/GreenDaoManager.java", "Java", 0, 0, 0, 0, 0, 31, 0, 0, 0, 0, 0, 0, 0, 12, 13, 56
"/Users/lvwang2002/Desktop/CodeSource/work/kang_jia/kang_jia/android/EBOLIB2ND/CoreLib/src/main/java/com/ebo/corelib/orm/gen/PhoneDao.java", "Java", 0, 0, 0, 0, 0, 94, 0, 0, 0, 0, 0, 0, 0, 10, 27, 131
"/Users/lvwang2002/Desktop/CodeSource/work/kang_jia/kang_jia/android/EBOLIB2ND/CoreLib/src/main/java/com/ebo/corelib/ui/BaseActivity.java", "Java", 0, 0, 0, 0, 0, 64, 0, 0, 0, 0, 0, 0, 0, 3, 27, 94
"/Users/lvwang2002/Desktop/CodeSource/work/kang_jia/kang_jia/android/EBOLIB2ND/CoreLib/src/main/java/com/ebo/corelib/ui/BaseFragment.java", "Java", 0, 0, 0, 0, 0, 66, 0, 0, 0, 0, 0, 0, 0, 7, 23, 96
"/Users/lvwang2002/Desktop/CodeSource/work/kang_jia/kang_jia/android/EBOLIB2ND/CoreLib/src/main/java/com/ebo/corelib/ui/ShowImageActivity.java", "Java", 0, 0, 0, 0, 0, 3, 0, 0, 0, 0, 0, 0, 0, 3, 5, 11
"/Users/lvwang2002/Desktop/CodeSource/work/kang_jia/kang_jia/android/EBOLIB2ND/CoreLib/src/main/java/com/ebo/corelib/ui/SimpleBaseActivity.java", "Java", 0, 0, 0, 0, 0, 8, 0, 0, 0, 0, 0, 0, 0, 3, 8, 19
"/Users/lvwang2002/Desktop/CodeSource/work/kang_jia/kang_jia/android/EBOLIB2ND/CoreLib/src/main/java/com/ebo/corelib/ui/SimpleBaseFragment.java", "Java", 0, 0, 0, 0, 0, 9, 0, 0, 0, 0, 0, 0, 0, 3, 7, 19
"/Users/lvwang2002/Desktop/CodeSource/work/kang_jia/kang_jia/android/EBOLIB2ND/CoreLib/src/main/java/com/ebo/corelib/ui/SimpleTakePhotoFragment.java", "Java", 0, 0, 0, 0, 0, 8, 0, 0, 0, 0, 0, 0, 0, 3, 6, 17
"/Users/lvwang2002/Desktop/CodeSource/work/kang_jia/kang_jia/android/EBOLIB2ND/CoreLib/src/main/java/com/ebo/corelib/ui/TakePhotoActivity.java", "Java", 0, 0, 0, 0, 0, 34, 0, 0, 0, 0, 0, 0, 0, 3, 21, 58
"/Users/lvwang2002/Desktop/CodeSource/work/kang_jia/kang_jia/android/EBOLIB2ND/CoreLib/src/main/java/com/ebo/corelib/ui/TakePhotoFragment.java", "Java", 0, 0, 0, 0, 0, 42, 0, 0, 0, 0, 0, 0, 0, 3, 22, 67
"/Users/lvwang2002/Desktop/CodeSource/work/kang_jia/kang_jia/android/EBOLIB2ND/CoreLib/src/main/java/com/ebo/corelib/ui/mvp/BasePresenter.java", "Java", 0, 0, 0, 0, 0, 8, 0, 0, 0, 0, 0, 0, 0, 12, 10, 30
"/Users/lvwang2002/Desktop/CodeSource/work/kang_jia/kang_jia/android/EBOLIB2ND/CoreLib/src/main/java/com/ebo/corelib/ui/mvp/BasePresenterImpl.java", "Java", 0, 0, 0, 0, 0, 58, 0, 0, 0, 0, 0, 0, 0, 10, 17, 85
"/Users/lvwang2002/Desktop/CodeSource/work/kang_jia/kang_jia/android/EBOLIB2ND/CoreLib/src/main/java/com/ebo/corelib/ui/mvp/BaseView.java", "Java", 0, 0, 0, 0, 0, 8, 0, 0, 0, 0, 0, 0, 0, 9, 8, 25
"/Users/lvwang2002/Desktop/CodeSource/work/kang_jia/kang_jia/android/EBOLIB2ND/CoreLib/src/main/java/com/ebo/corelib/ui/widget/CircleImageView.java", "Java", 0, 0, 0, 0, 0, 182, 0, 0, 0, 0, 0, 0, 0, 3, 56, 241
"/Users/lvwang2002/Desktop/CodeSource/work/kang_jia/kang_jia/android/EBOLIB2ND/CoreLib/src/main/java/com/ebo/corelib/ui/widget/CustomProgressDialog.java", "Java", 0, 0, 0, 0, 0, 46, 0, 0, 0, 0, 0, 0, 0, 5, 13, 64
"/Users/lvwang2002/Desktop/CodeSource/work/kang_jia/kang_jia/android/EBOLIB2ND/CoreLib/src/main/java/com/ebo/corelib/ui/widget/DrawableCenterButton.java", "Java", 0, 0, 0, 0, 0, 41, 0, 0, 0, 0, 0, 0, 0, 5, 14, 60
"/Users/lvwang2002/Desktop/CodeSource/work/kang_jia/kang_jia/android/EBOLIB2ND/CoreLib/src/main/java/com/ebo/corelib/ui/widget/MenuButton.java", "Java", 0, 0, 0, 0, 0, 173, 0, 0, 0, 0, 0, 0, 0, 23, 30, 226
"/Users/lvwang2002/Desktop/CodeSource/work/kang_jia/kang_jia/android/EBOLIB2ND/CoreLib/src/main/java/com/ebo/corelib/ui/widget/MenuButton2.java", "Java", 0, 0, 0, 0, 0, 157, 0, 0, 0, 0, 0, 0, 0, 23, 32, 212
"/Users/lvwang2002/Desktop/CodeSource/work/kang_jia/kang_jia/android/EBOLIB2ND/CoreLib/src/main/java/com/ebo/corelib/ui/widget/NoScrollViewPager.java", "Java", 0, 0, 0, 0, 0, 37, 0, 0, 0, 0, 0, 0, 0, 25, 4, 66
"/Users/lvwang2002/Desktop/CodeSource/work/kang_jia/kang_jia/android/EBOLIB2ND/CoreLib/src/main/java/com/ebo/corelib/ui/widget/VerifyCodeButton.java", "Java", 0, 0, 0, 0, 0, 34, 0, 0, 0, 0, 0, 0, 0, 3, 15, 52
"/Users/lvwang2002/Desktop/CodeSource/work/kang_jia/kang_jia/android/EBOLIB2ND/CoreLib/src/main/java/com/ebo/corelib/ui/widget/decorations/RecycleViewDivider.java", "Java", 0, 0, 0, 0, 0, 89, 0, 0, 0, 0, 0, 0, 0, 28, 14, 131
"/Users/lvwang2002/Desktop/CodeSource/work/kang_jia/kang_jia/android/EBOLIB2ND/CoreLib/src/main/java/com/ebo/corelib/ui/widget/refreshview/ScrollRunner.java", "Java", 0, 0, 0, 0, 0, 4, 0, 0, 0, 0, 0, 0, 0, 3, 3, 10
"/Users/lvwang2002/Desktop/CodeSource/work/kang_jia/kang_jia/android/EBOLIB2ND/CoreLib/src/main/java/com/ebo/corelib/ui/widget/refreshview/XRefreshContentView.java", "Java", 0, 0, 0, 0, 0, 740, 0, 0, 0, 0, 0, 0, 0, 55, 80, 875
"/Users/lvwang2002/Desktop/CodeSource/work/kang_jia/kang_jia/android/EBOLIB2ND/CoreLib/src/main/java/com/ebo/corelib/ui/widget/refreshview/XRefreshHolder.java", "Java", 0, 0, 0, 0, 0, 16, 0, 0, 0, 0, 0, 0, 0, 0, 8, 24
"/Users/lvwang2002/Desktop/CodeSource/work/kang_jia/kang_jia/android/EBOLIB2ND/CoreLib/src/main/java/com/ebo/corelib/ui/widget/refreshview/XRefreshView.java", "Java", 0, 0, 0, 0, 0, 951, 0, 0, 0, 0, 0, 0, 0, 250, 115, 1316
"/Users/lvwang2002/Desktop/CodeSource/work/kang_jia/kang_jia/android/EBOLIB2ND/CoreLib/src/main/java/com/ebo/corelib/ui/widget/refreshview/XRefreshViewFooter.java", "Java", 0, 0, 0, 0, 0, 106, 0, 0, 0, 0, 0, 0, 0, 3, 21, 130
"/Users/lvwang2002/Desktop/CodeSource/work/kang_jia/kang_jia/android/EBOLIB2ND/CoreLib/src/main/java/com/ebo/corelib/ui/widget/refreshview/XRefreshViewHeader.java", "Java", 0, 0, 0, 0, 0, 126, 0, 0, 0, 0, 0, 0, 0, 8, 20, 154
"/Users/lvwang2002/Desktop/CodeSource/work/kang_jia/kang_jia/android/EBOLIB2ND/CoreLib/src/main/java/com/ebo/corelib/ui/widget/refreshview/XRefreshViewState.java", "Java", 0, 0, 0, 0, 0, 4, 0, 0, 0, 0, 0, 0, 0, 0, 2, 6
"/Users/lvwang2002/Desktop/CodeSource/work/kang_jia/kang_jia/android/EBOLIB2ND/CoreLib/src/main/java/com/ebo/corelib/ui/widget/refreshview/XScrollView.java", "Java", 0, 0, 0, 0, 0, 101, 0, 0, 0, 0, 0, 0, 0, 42, 15, 158
"/Users/lvwang2002/Desktop/CodeSource/work/kang_jia/kang_jia/android/EBOLIB2ND/CoreLib/src/main/java/com/ebo/corelib/ui/widget/refreshview/callback/IFooterCallBack.java", "Java", 0, 0, 0, 0, 0, 13, 0, 0, 0, 0, 0, 0, 0, 37, 13, 63
"/Users/lvwang2002/Desktop/CodeSource/work/kang_jia/kang_jia/android/EBOLIB2ND/CoreLib/src/main/java/com/ebo/corelib/ui/widget/refreshview/callback/IHeaderCallBack.java", "Java", 0, 0, 0, 0, 0, 12, 0, 0, 0, 0, 0, 0, 0, 41, 9, 62
"/Users/lvwang2002/Desktop/CodeSource/work/kang_jia/kang_jia/android/EBOLIB2ND/CoreLib/src/main/java/com/ebo/corelib/ui/widget/refreshview/listener/OnBottomLoadMoreTime.java", "Java", 0, 0, 0, 0, 0, 4, 0, 0, 0, 0, 0, 0, 0, 5, 2, 11
"/Users/lvwang2002/Desktop/CodeSource/work/kang_jia/kang_jia/android/EBOLIB2ND/CoreLib/src/main/java/com/ebo/corelib/ui/widget/refreshview/listener/OnTopRefreshTime.java", "Java", 0, 0, 0, 0, 0, 4, 0, 0, 0, 0, 0, 0, 0, 5, 2, 11
"/Users/lvwang2002/Desktop/CodeSource/work/kang_jia/kang_jia/android/EBOLIB2ND/CoreLib/src/main/java/com/ebo/corelib/ui/widget/refreshview/recyclerview/BaseRecyclerAdapter.java", "Java", 0, 0, 0, 0, 0, 202, 0, 0, 0, 0, 0, 0, 0, 68, 35, 305
"/Users/lvwang2002/Desktop/CodeSource/work/kang_jia/kang_jia/android/EBOLIB2ND/CoreLib/src/main/java/com/ebo/corelib/ui/widget/refreshview/recyclerview/RecyclerViewDataObserver.java", "Java", 0, 0, 0, 0, 0, 63, 0, 0, 0, 0, 0, 0, 0, 4, 18, 85
"/Users/lvwang2002/Desktop/CodeSource/work/kang_jia/kang_jia/android/EBOLIB2ND/CoreLib/src/main/java/com/ebo/corelib/ui/widget/refreshview/recyclerview/XSpanSizeLookup.java", "Java", 0, 0, 0, 0, 0, 15, 0, 0, 0, 0, 0, 0, 0, 3, 6, 24
"/Users/lvwang2002/Desktop/CodeSource/work/kang_jia/kang_jia/android/EBOLIB2ND/CoreLib/src/main/java/com/ebo/corelib/ui/widget/refreshview/utils/LogUtils.java", "Java", 0, 0, 0, 0, 0, 189, 0, 0, 0, 0, 0, 0, 0, 14, 48, 251
"/Users/lvwang2002/Desktop/CodeSource/work/kang_jia/kang_jia/android/EBOLIB2ND/CoreLib/src/main/java/com/ebo/corelib/ui/widget/refreshview/utils/Utils.java", "Java", 0, 0, 0, 0, 0, 163, 0, 0, 0, 0, 0, 0, 0, 35, 25, 223
"/Users/lvwang2002/Desktop/CodeSource/work/kang_jia/kang_jia/android/EBOLIB2ND/CoreLib/src/main/java/com/ebo/corelib/ui/widget/refreshview/view/XWebView.java", "Java", 0, 0, 0, 0, 0, 22, 0, 0, 0, 0, 0, 0, 0, 3, 9, 34
"/Users/lvwang2002/Desktop/CodeSource/work/kang_jia/kang_jia/android/EBOLIB2ND/CoreLib/src/main/java/com/ebo/corelib/utils/LoadingUtils.java", "Java", 0, 0, 0, 0, 0, 36, 0, 0, 0, 0, 0, 0, 0, 10, 14, 60
"/Users/lvwang2002/Desktop/CodeSource/work/kang_jia/kang_jia/android/EBOLIB2ND/CoreLib/src/main/java/com/ebo/corelib/utils/NetState.java", "Java", 0, 0, 0, 0, 0, 301, 0, 0, 0, 0, 0, 0, 0, 54, 37, 392
"/Users/lvwang2002/Desktop/CodeSource/work/kang_jia/kang_jia/android/EBOLIB2ND/CoreLib/src/main/res/anim/crop_fade_in.xml", "XML", 0, 0, 0, 0, 8, 0, 0, 0, 0, 0, 0, 0, 0, 0, 0, 8
"/Users/lvwang2002/Desktop/CodeSource/work/kang_jia/kang_jia/android/EBOLIB2ND/CoreLib/src/main/res/anim/slide_in_left.xml", "XML", 0, 0, 0, 0, 14, 0, 0, 0, 0, 0, 0, 0, 0, 0, 9, 23
"/Users/lvwang2002/Desktop/CodeSource/work/kang_jia/kang_jia/android/EBOLIB2ND/CoreLib/src/main/res/anim/slide_in_right.xml", "XML", 0, 0, 0, 0, 14, 0, 0, 0, 0, 0, 0, 0, 0, 0, 9, 23
"/Users/lvwang2002/Desktop/CodeSource/work/kang_jia/kang_jia/android/EBOLIB2ND/CoreLib/src/main/res/anim/slide_out_left.xml", "XML", 0, 0, 0, 0, 14, 0, 0, 0, 0, 0, 0, 0, 0, 0, 9, 23
"/Users/lvwang2002/Desktop/CodeSource/work/kang_jia/kang_jia/android/EBOLIB2ND/CoreLib/src/main/res/anim/slide_out_right.xml", "XML", 0, 0, 0, 0, 14, 0, 0, 0, 0, 0, 0, 0, 0, 0, 9, 23
"/Users/lvwang2002/Desktop/CodeSource/work/kang_jia/kang_jia/android/EBOLIB2ND/CoreLib/src/main/res/drawable-hdpi/list_row_normal.xml", "XML", 0, 0, 0, 0, 4, 0, 0, 0, 0, 0, 0, 0, 0, 0, 0, 4
"/Users/lvwang2002/Desktop/CodeSource/work/kang_jia/kang_jia/android/EBOLIB2ND/CoreLib/src/main/res/drawable-hdpi/list_row_pressed.xml", "XML", 0, 0, 0, 0, 4, 0, 0, 0, 0, 0, 0, 0, 0, 0, 0, 4
"/Users/lvwang2002/Desktop/CodeSource/work/kang_jia/kang_jia/android/EBOLIB2ND/CoreLib/src/main/res/drawable-hdpi/selector_list_row.xml", "XML", 0, 0, 0, 0, 5, 0, 0, 0, 0, 0, 0, 0, 0, 0, 0, 5
"/Users/lvwang2002/Desktop/CodeSource/work/kang_jia/kang_jia/android/EBOLIB2ND/CoreLib/src/main/res/drawable/animation_loading_running.xml", "XML", 0, 0, 0, 0, 19, 0, 0, 0, 0, 0, 0, 0, 0, 1, 0, 20
"/Users/lvwang2002/Desktop/CodeSource/work/kang_jia/kang_jia/android/EBOLIB2ND/CoreLib/src/main/res/drawable/rect_normal.xml", "XML", 0, 0, 0, 0, 6, 0, 0, 0, 0, 0, 0, 0, 0, 0, 0, 6
"/Users/lvwang2002/Desktop/CodeSource/work/kang_jia/kang_jia/android/EBOLIB2ND/CoreLib/src/main/res/drawable/rect_pressed.xml", "XML", 0, 0, 0, 0, 6, 0, 0, 0, 0, 0, 0, 0, 0, 0, 1, 7
"/Users/lvwang2002/Desktop/CodeSource/work/kang_jia/kang_jia/android/EBOLIB2ND/CoreLib/src/main/res/drawable/rect_progress.xml", "XML", 0, 0, 0, 0, 6, 0, 0, 0, 0, 0, 0, 0, 0, 0, 1, 7
"/Users/lvwang2002/Desktop/CodeSource/work/kang_jia/kang_jia/android/EBOLIB2ND/CoreLib/src/main/res/drawable/rect_progressbg.xml", "XML", 0, 0, 0, 0, 6, 0, 0, 0, 0, 0, 0, 0, 0, 0, 1, 7
"/Users/lvwang2002/Desktop/CodeSource/work/kang_jia/kang_jia/android/EBOLIB2ND/CoreLib/src/main/res/layout/activity_crop.xml", "XML", 0, 0, 0, 0, 34, 0, 0, 0, 0, 0, 0, 0, 0, 1, 8, 43
"/Users/lvwang2002/Desktop/CodeSource/work/kang_jia/kang_jia/android/EBOLIB2ND/CoreLib/src/main/res/layout/activity_download_list.xml", "XML", 0, 0, 0, 0, 33, 0, 0, 0, 0, 0, 0, 0, 0, 1, 7, 41
"/Users/lvwang2002/Desktop/CodeSource/work/kang_jia/kang_jia/android/EBOLIB2ND/CoreLib/src/main/res/layout/activity_pay.xml", "XML", 0, 0, 0, 0, 42, 0, 0, 0, 0, 0, 0, 0, 0, 0, 6, 48
"/Users/lvwang2002/Desktop/CodeSource/work/kang_jia/kang_jia/android/EBOLIB2ND/CoreLib/src/main/res/layout/activity_popu.xml", "XML", 0, 0, 0, 0, 54, 0, 0, 0, 0, 0, 0, 0, 0, 0, 10, 64
"/Users/lvwang2002/Desktop/CodeSource/work/kang_jia/kang_jia/android/EBOLIB2ND/CoreLib/src/main/res/layout/activity_qrcode.xml", "XML", 0, 0, 0, 0, 42, 0, 0, 0, 0, 0, 0, 0, 0, 1, 7, 50
"/Users/lvwang2002/Desktop/CodeSource/work/kang_jia/kang_jia/android/EBOLIB2ND/CoreLib/src/main/res/layout/activity_upload_list.xml", "XML", 0, 0, 0, 0, 39, 0, 0, 0, 0, 0, 0, 0, 0, 1, 7, 47
"/Users/lvwang2002/Desktop/CodeSource/work/kang_jia/kang_jia/android/EBOLIB2ND/CoreLib/src/main/res/layout/btn_close.xml", "XML", 0, 0, 0, 0, 17, 0, 0, 0, 0, 0, 0, 0, 0, 0, 4, 21
"/Users/lvwang2002/Desktop/CodeSource/work/kang_jia/kang_jia/android/EBOLIB2ND/CoreLib/src/main/res/layout/crop_selector.xml", "XML", 0, 0, 0, 0, 15, 0, 0, 0, 0, 0, 0, 0, 0, 0, 3, 18
"/Users/lvwang2002/Desktop/CodeSource/work/kang_jia/kang_jia/android/EBOLIB2ND/CoreLib/src/main/res/layout/item_download.xml", "XML", 0, 0, 0, 0, 72, 0, 0, 0, 0, 0, 0, 0, 0, 0, 11, 83
"/Users/lvwang2002/Desktop/CodeSource/work/kang_jia/kang_jia/android/EBOLIB2ND/CoreLib/src/main/res/layout/item_upload.xml", "XML", 0, 0, 0, 0, 65, 0, 0, 0, 0, 0, 0, 0, 0, 0, 11, 76
"/Users/lvwang2002/Desktop/CodeSource/work/kang_jia/kang_jia/android/EBOLIB2ND/CoreLib/src/main/res/layout/progress_loading_dialog.xml", "XML", 0, 0, 0, 0, 21, 0, 0, 0, 0, 0, 0, 0, 0, 0, 4, 25
"/Users/lvwang2002/Desktop/CodeSource/work/kang_jia/kang_jia/android/EBOLIB2ND/CoreLib/src/main/res/layout/xrefreshview_footer.xml", "XML", 0, 0, 0, 0, 28, 0, 0, 0, 0, 0, 0, 0, 0, 0, 3, 31
"/Users/lvwang2002/Desktop/CodeSource/work/kang_jia/kang_jia/android/EBOLIB2ND/CoreLib/src/main/res/layout/xrefreshview_header.xml", "XML", 0, 0, 0, 0, 52, 0, 0, 0, 0, 0, 0, 0, 0, 0, 7, 59
"/Users/lvwang2002/Desktop/CodeSource/work/kang_jia/kang_jia/android/EBOLIB2ND/CoreLib/src/main/res/values-en/_strings.xml", "XML", 0, 0, 0, 0, 69, 0, 0, 0, 0, 0, 0, 0, 0, 2, 11, 82
"/Users/lvwang2002/Desktop/CodeSource/work/kang_jia/kang_jia/android/EBOLIB2ND/CoreLib/src/main/res/values-v19/styles.xml", "XML", 0, 0, 0, 0, 16, 0, 0, 0, 0, 0, 0, 0, 0, 0, 6, 22
"/Users/lvwang2002/Desktop/CodeSource/work/kang_jia/kang_jia/android/EBOLIB2ND/CoreLib/src/main/res/values-v21/styles.xml", "XML", 0, 0, 0, 0, 17, 0, 0, 0, 0, 0, 0, 0, 0, 1, 5, 23
"/Users/lvwang2002/Desktop/CodeSource/work/kang_jia/kang_jia/android/EBOLIB2ND/CoreLib/src/main/res/values-v21/untranslate.xml", "XML", 0, 0, 0, 0, 10, 0, 0, 0, 0, 0, 0, 0, 0, 1, 2, 13
"/Users/lvwang2002/Desktop/CodeSource/work/kang_jia/kang_jia/android/EBOLIB2ND/CoreLib/src/main/res/values-zh-rTW/_strings.xml", "XML", 0, 0, 0, 0, 69, 0, 0, 0, 0, 0, 0, 0, 0, 2, 12, 83
"/Users/lvwang2002/Desktop/CodeSource/work/kang_jia/kang_jia/android/EBOLIB2ND/CoreLib/src/main/res/values/_strings.xml", "XML", 0, 0, 0, 0, 69, 0, 0, 0, 0, 0, 0, 0, 0, 2, 11, 82
"/Users/lvwang2002/Desktop/CodeSource/work/kang_jia/kang_jia/android/EBOLIB2ND/CoreLib/src/main/res/values/attrs.xml", "XML", 0, 0, 0, 0, 16, 0, 0, 0, 0, 0, 0, 0, 0, 7, 5, 28
"/Users/lvwang2002/Desktop/CodeSource/work/kang_jia/kang_jia/android/EBOLIB2ND/CoreLib/src/main/res/values/c.xml", "XML", 0, 0, 0, 0, 21, 0, 0, 0, 0, 0, 0, 0, 0, 9, 7, 37
"/Users/lvwang2002/Desktop/CodeSource/work/kang_jia/kang_jia/android/EBOLIB2ND/CoreLib/src/main/res/values/colors.xml", "XML", 0, 0, 0, 0, 30, 0, 0, 0, 0, 0, 0, 0, 0, 7, 9, 46
"/Users/lvwang2002/Desktop/CodeSource/work/kang_jia/kang_jia/android/EBOLIB2ND/CoreLib/src/main/res/values/dimens.xml", "XML", 0, 0, 0, 0, 26, 0, 0, 0, 0, 0, 0, 0, 0, 0, 10, 36
"/Users/lvwang2002/Desktop/CodeSource/work/kang_jia/kang_jia/android/EBOLIB2ND/CoreLib/src/main/res/values/ids.xml", "XML", 0, 0, 0, 0, 15, 0, 0, 0, 0, 0, 0, 0, 0, 1, 4, 20
"/Users/lvwang2002/Desktop/CodeSource/work/kang_jia/kang_jia/android/EBOLIB2ND/CoreLib/src/main/res/values/string_other.xml", "XML", 0, 0, 0, 0, 15, 0, 0, 0, 0, 0, 0, 0, 0, 2, 2, 19
"/Users/lvwang2002/Desktop/CodeSource/work/kang_jia/kang_jia/android/EBOLIB2ND/CoreLib/src/main/res/values/styles.xml", "XML", 0, 0, 0, 0, 34, 0, 0, 0, 0, 0, 0, 0, 0, 21, 6, 61
"/Users/lvwang2002/Desktop/CodeSource/work/kang_jia/kang_jia/android/EBOLIB2ND/CoreLib/src/main/res/values/values.xml", "XML", 0, 0, 0, 0, 10, 0, 0, 0, 0, 0, 0, 0, 0, 0, 6, 16
"/Users/lvwang2002/Desktop/CodeSource/work/kang_jia/kang_jia/android/EBOLIB2ND/CoreLib/src/main/res/xml/file_paths.xml", "XML", 0, 0, 0, 0, 12, 0, 0, 0, 0, 0, 0, 0, 0, 0, 1, 13
"/Users/lvwang2002/Desktop/CodeSource/work/kang_jia/kang_jia/android/EBOLIB2ND/DBLib/build.gradle", "Groovy", 0, 31, 0, 0, 0, 0, 0, 0, 0, 0, 0, 0, 0, 1, 12, 44
"/Users/lvwang2002/Desktop/CodeSource/work/kang_jia/kang_jia/android/EBOLIB2ND/DBLib/src/main/AndroidManifest.xml", "XML", 0, 0, 0, 0, 2, 0, 0, 0, 0, 0, 0, 0, 0, 0, 1, 3
"/Users/lvwang2002/Desktop/CodeSource/work/kang_jia/kang_jia/android/EBOLIB2ND/DBLib/src/main/res/values/strings.xml", "XML", 0, 0, 0, 0, 3, 0, 0, 0, 0, 0, 0, 0, 0, 0, 1, 4
"/Users/lvwang2002/Desktop/CodeSource/work/kang_jia/kang_jia/android/EBOLIB2ND/IMKit/build.gradle", "Groovy", 0, 40, 0, 0, 0, 0, 0, 0, 0, 0, 0, 0, 0, 0, 5, 45
"/Users/lvwang2002/Desktop/CodeSource/work/kang_jia/kang_jia/android/EBOLIB2ND/IMKit/src/main/AndroidManifest.xml", "XML", 0, 0, 0, 0, 69, 0, 0, 0, 0, 0, 0, 0, 0, 14, 16, 99
"/Users/lvwang2002/Desktop/CodeSource/work/kang_jia/kang_jia/android/EBOLIB2ND/IMKit/src/main/java/io/rong/imkit/MainActivity.java", "Java", 0, 0, 0, 0, 0, 4, 0, 0, 0, 0, 0, 0, 0, 3, 3, 10
"/Users/lvwang2002/Desktop/CodeSource/work/kang_jia/kang_jia/android/EBOLIB2ND/IMKit/src/main/res/color/rc_btn_file_list_send.xml", "XML", 0, 0, 0, 0, 5, 0, 0, 0, 0, 0, 0, 0, 0, 0, 0, 5
"/Users/lvwang2002/Desktop/CodeSource/work/kang_jia/kang_jia/android/EBOLIB2ND/IMKit/src/main/res/drawable/rc_ac_btn_file_download_open_button.xml", "XML", 0, 0, 0, 0, 7, 0, 0, 0, 0, 0, 0, 0, 0, 2, 0, 9
"/Users/lvwang2002/Desktop/CodeSource/work/kang_jia/kang_jia/android/EBOLIB2ND/IMKit/src/main/res/drawable/rc_an_voice_receive.xml", "XML", 0, 0, 0, 0, 14, 0, 0, 0, 0, 0, 0, 0, 0, 0, 2, 16
"/Users/lvwang2002/Desktop/CodeSource/work/kang_jia/kang_jia/android/EBOLIB2ND/IMKit/src/main/res/drawable/rc_an_voice_sent.xml", "XML", 0, 0, 0, 0, 14, 0, 0, 0, 0, 0, 0, 0, 0, 0, 2, 16
"/Users/lvwang2002/Desktop/CodeSource/work/kang_jia/kang_jia/android/EBOLIB2ND/IMKit/src/main/res/drawable/rc_bg_item.xml", "XML", 0, 0, 0, 0, 6, 0, 0, 0, 0, 0, 0, 0, 0, 0, 0, 6
"/Users/lvwang2002/Desktop/CodeSource/work/kang_jia/kang_jia/android/EBOLIB2ND/IMKit/src/main/res/drawable/rc_bg_mentionlist_item.xml", "XML", 0, 0, 0, 0, 9, 0, 0, 0, 0, 0, 0, 0, 0, 0, 2, 11
"/Users/lvwang2002/Desktop/CodeSource/work/kang_jia/kang_jia/android/EBOLIB2ND/IMKit/src/main/res/drawable/rc_bg_menu.xml", "XML", 0, 0, 0, 0, 15, 0, 0, 0, 0, 0, 0, 0, 0, 0, 2, 17
"/Users/lvwang2002/Desktop/CodeSource/work/kang_jia/kang_jia/android/EBOLIB2ND/IMKit/src/main/res/drawable/rc_bg_sidebar.xml", "XML", 0, 0, 0, 0, 11, 0, 0, 0, 0, 0, 0, 0, 0, 0, 2, 13
"/Users/lvwang2002/Desktop/CodeSource/work/kang_jia/kang_jia/android/EBOLIB2ND/IMKit/src/main/res/drawable/rc_btn_input.xml", "XML", 0, 0, 0, 0, 5, 0, 0, 0, 0, 0, 0, 0, 0, 0, 0, 5
"/Users/lvwang2002/Desktop/CodeSource/work/kang_jia/kang_jia/android/EBOLIB2ND/IMKit/src/main/res/drawable/rc_btn_public_service_enter_selector.xml", "XML", 0, 0, 0, 0, 8, 0, 0, 0, 0, 0, 0, 0, 0, 2, 1, 11
"/Users/lvwang2002/Desktop/CodeSource/work/kang_jia/kang_jia/android/EBOLIB2ND/IMKit/src/main/res/drawable/rc_btn_public_service_unfollow_selector.xml", "XML", 0, 0, 0, 0, 8, 0, 0, 0, 0, 0, 0, 0, 0, 2, 1, 11
"/Users/lvwang2002/Desktop/CodeSource/work/kang_jia/kang_jia/android/EBOLIB2ND/IMKit/src/main/res/drawable/rc_btn_send.xml", "XML", 0, 0, 0, 0, 7, 0, 0, 0, 0, 0, 0, 0, 0, 2, 1, 10
"/Users/lvwang2002/Desktop/CodeSource/work/kang_jia/kang_jia/android/EBOLIB2ND/IMKit/src/main/res/drawable/rc_btn_voice.xml", "XML", 0, 0, 0, 0, 7, 0, 0, 0, 0, 0, 0, 0, 0, 2, 3, 12
"/Users/lvwang2002/Desktop/CodeSource/work/kang_jia/kang_jia/android/EBOLIB2ND/IMKit/src/main/res/drawable/rc_corner_location_style.xml", "XML", 0, 0, 0, 0, 9, 0, 0, 0, 0, 0, 0, 0, 0, 0, 1, 10
"/Users/lvwang2002/Desktop/CodeSource/work/kang_jia/kang_jia/android/EBOLIB2ND/IMKit/src/main/res/drawable/rc_corner_popup_dialog_style.xml", "XML", 0, 0, 0, 0, 5, 0, 0, 0, 0, 0, 0, 0, 0, 0, 2, 7
"/Users/lvwang2002/Desktop/CodeSource/work/kang_jia/kang_jia/android/EBOLIB2ND/IMKit/src/main/res/drawable/rc_corner_style.xml", "XML", 0, 0, 0, 0, 9, 0, 0, 0, 0, 0, 0, 0, 0, 0, 1, 10
"/Users/lvwang2002/Desktop/CodeSource/work/kang_jia/kang_jia/android/EBOLIB2ND/IMKit/src/main/res/drawable/rc_corner_voice_style.xml", "XML", 0, 0, 0, 0, 5, 0, 0, 0, 0, 0, 0, 0, 0, 0, 2, 7
"/Users/lvwang2002/Desktop/CodeSource/work/kang_jia/kang_jia/android/EBOLIB2ND/IMKit/src/main/res/drawable/rc_cs_admin_selector.xml", "XML", 0, 0, 0, 0, 7, 0, 0, 0, 0, 0, 0, 0, 0, 2, 1, 10
"/Users/lvwang2002/Desktop/CodeSource/work/kang_jia/kang_jia/android/EBOLIB2ND/IMKit/src/main/res/drawable/rc_cs_back_selector.xml", "XML", 0, 0, 0, 0, 6, 0, 0, 0, 0, 0, 0, 0, 0, 0, 2, 8
"/Users/lvwang2002/Desktop/CodeSource/work/kang_jia/kang_jia/android/EBOLIB2ND/IMKit/src/main/res/drawable/rc_cs_corner_single_check_style.xml", "XML", 0, 0, 0, 0, 5, 0, 0, 0, 0, 0, 0, 0, 0, 0, 0, 5
"/Users/lvwang2002/Desktop/CodeSource/work/kang_jia/kang_jia/android/EBOLIB2ND/IMKit/src/main/res/drawable/rc_cs_evaluate_selector.xml", "XML", 0, 0, 0, 0, 5, 0, 0, 0, 0, 0, 0, 0, 0, 0, 0, 5
"/Users/lvwang2002/Desktop/CodeSource/work/kang_jia/kang_jia/android/EBOLIB2ND/IMKit/src/main/res/drawable/rc_cs_group_checkbox_selector.xml", "XML", 0, 0, 0, 0, 6, 0, 0, 0, 0, 0, 0, 0, 0, 0, 2, 8
"/Users/lvwang2002/Desktop/CodeSource/work/kang_jia/kang_jia/android/EBOLIB2ND/IMKit/src/main/res/drawable/rc_cs_group_dialog_cancel_selector.xml", "XML", 0, 0, 0, 0, 6, 0, 0, 0, 0, 0, 0, 0, 0, 0, 2, 8
"/Users/lvwang2002/Desktop/CodeSource/work/kang_jia/kang_jia/android/EBOLIB2ND/IMKit/src/main/res/drawable/rc_cs_group_dialog_ok_selector.xml", "XML", 0, 0, 0, 0, 7, 0, 0, 0, 0, 0, 0, 0, 0, 0, 2, 9
"/Users/lvwang2002/Desktop/CodeSource/work/kang_jia/kang_jia/android/EBOLIB2ND/IMKit/src/main/res/drawable/rc_cs_group_ok_text_selector.xml", "XML", 0, 0, 0, 0, 5, 0, 0, 0, 0, 0, 0, 0, 0, 0, 0, 5
"/Users/lvwang2002/Desktop/CodeSource/work/kang_jia/kang_jia/android/EBOLIB2ND/IMKit/src/main/res/drawable/rc_cs_leave_message_btn.xml", "XML", 0, 0, 0, 0, 5, 0, 0, 0, 0, 0, 0, 0, 0, 0, 2, 7
"/Users/lvwang2002/Desktop/CodeSource/work/kang_jia/kang_jia/android/EBOLIB2ND/IMKit/src/main/res/drawable/rc_cs_list_divider_style.xml", "XML", 0, 0, 0, 0, 5, 0, 0, 0, 0, 0, 0, 0, 0, 0, 0, 5
"/Users/lvwang2002/Desktop/CodeSource/work/kang_jia/kang_jia/android/EBOLIB2ND/IMKit/src/main/res/drawable/rc_cs_ratingbar.xml", "XML", 0, 0, 0, 0, 9, 0, 0, 0, 0, 0, 0, 0, 0, 0, 0, 9
"/Users/lvwang2002/Desktop/CodeSource/work/kang_jia/kang_jia/android/EBOLIB2ND/IMKit/src/main/res/drawable/rc_cs_submit_comment.xml", "XML", 0, 0, 0, 0, 5, 0, 0, 0, 0, 0, 0, 0, 0, 0, 0, 5
"/Users/lvwang2002/Desktop/CodeSource/work/kang_jia/kang_jia/android/EBOLIB2ND/IMKit/src/main/res/drawable/rc_ed_public_service_search_selector.xml", "XML", 0, 0, 0, 0, 7, 0, 0, 0, 0, 0, 0, 0, 0, 0, 2, 9
"/Users/lvwang2002/Desktop/CodeSource/work/kang_jia/kang_jia/android/EBOLIB2ND/IMKit/src/main/res/drawable/rc_edit_text_background_selector.xml", "XML", 0, 0, 0, 0, 5, 0, 0, 0, 0, 0, 0, 0, 0, 0, 0, 5
"/Users/lvwang2002/Desktop/CodeSource/work/kang_jia/kang_jia/android/EBOLIB2ND/IMKit/src/main/res/drawable/rc_emoji_grid_item_selector.xml", "XML", 0, 0, 0, 0, 9, 0, 0, 0, 0, 0, 0, 0, 0, 0, 1, 10
"/Users/lvwang2002/Desktop/CodeSource/work/kang_jia/kang_jia/android/EBOLIB2ND/IMKit/src/main/res/drawable/rc_emotion_toggle_selector.xml", "XML", 0, 0, 0, 0, 5, 0, 0, 0, 0, 0, 0, 0, 0, 0, 0, 5
"/Users/lvwang2002/Desktop/CodeSource/work/kang_jia/kang_jia/android/EBOLIB2ND/IMKit/src/main/res/drawable/rc_ext_plugin_image_selector.xml", "XML", 0, 0, 0, 0, 5, 0, 0, 0, 0, 0, 0, 0, 0, 0, 0, 5
"/Users/lvwang2002/Desktop/CodeSource/work/kang_jia/kang_jia/android/EBOLIB2ND/IMKit/src/main/res/drawable/rc_ext_plugin_location_selector.xml", "XML", 0, 0, 0, 0, 5, 0, 0, 0, 0, 0, 0, 0, 0, 0, 0, 5
"/Users/lvwang2002/Desktop/CodeSource/work/kang_jia/kang_jia/android/EBOLIB2ND/IMKit/src/main/res/drawable/rc_ic_files_selector.xml", "XML", 0, 0, 0, 0, 5, 0, 0, 0, 0, 0, 0, 0, 0, 0, 0, 5
"/Users/lvwang2002/Desktop/CodeSource/work/kang_jia/kang_jia/android/EBOLIB2ND/IMKit/src/main/res/drawable/rc_ic_location.xml", "XML", 0, 0, 0, 0, 7, 0, 0, 0, 0, 0, 0, 0, 0, 2, 1, 10
"/Users/lvwang2002/Desktop/CodeSource/work/kang_jia/kang_jia/android/EBOLIB2ND/IMKit/src/main/res/drawable/rc_ic_no_selector.xml", "XML", 0, 0, 0, 0, 5, 0, 0, 0, 0, 0, 0, 0, 0, 0, 0, 5
"/Users/lvwang2002/Desktop/CodeSource/work/kang_jia/kang_jia/android/EBOLIB2ND/IMKit/src/main/res/drawable/rc_ic_phone_selector.xml", "XML", 0, 0, 0, 0, 5, 0, 0, 0, 0, 0, 0, 0, 0, 0, 0, 5
"/Users/lvwang2002/Desktop/CodeSource/work/kang_jia/kang_jia/android/EBOLIB2ND/IMKit/src/main/res/drawable/rc_ic_star_selector.xml", "XML", 0, 0, 0, 0, 5, 0, 0, 0, 0, 0, 0, 0, 0, 0, 0, 5
"/Users/lvwang2002/Desktop/CodeSource/work/kang_jia/kang_jia/android/EBOLIB2ND/IMKit/src/main/res/drawable/rc_ic_yes_selector.xml", "XML", 0, 0, 0, 0, 5, 0, 0, 0, 0, 0, 0, 0, 0, 0, 0, 5
"/Users/lvwang2002/Desktop/CodeSource/work/kang_jia/kang_jia/android/EBOLIB2ND/IMKit/src/main/res/drawable/rc_item_list_selector.xml", "XML", 0, 0, 0, 0, 8, 0, 0, 0, 0, 0, 0, 0, 0, 2, 2, 12
"/Users/lvwang2002/Desktop/CodeSource/work/kang_jia/kang_jia/android/EBOLIB2ND/IMKit/src/main/res/drawable/rc_item_top_list_selector.xml", "XML", 0, 0, 0, 0, 8, 0, 0, 0, 0, 0, 0, 0, 0, 2, 2, 12
"/Users/lvwang2002/Desktop/CodeSource/work/kang_jia/kang_jia/android/EBOLIB2ND/IMKit/src/main/res/drawable/rc_keyboard_selector.xml", "XML", 0, 0, 0, 0, 5, 0, 0, 0, 0, 0, 0, 0, 0, 0, 0, 5
"/Users/lvwang2002/Desktop/CodeSource/work/kang_jia/kang_jia/android/EBOLIB2ND/IMKit/src/main/res/drawable/rc_menu_background_selector.xml", "XML", 0, 0, 0, 0, 15, 0, 0, 0, 0, 0, 0, 0, 0, 0, 0, 15
"/Users/lvwang2002/Desktop/CodeSource/work/kang_jia/kang_jia/android/EBOLIB2ND/IMKit/src/main/res/drawable/rc_menu_keyboard_selector.xml", "XML", 0, 0, 0, 0, 5, 0, 0, 0, 0, 0, 0, 0, 0, 0, 0, 5
"/Users/lvwang2002/Desktop/CodeSource/work/kang_jia/kang_jia/android/EBOLIB2ND/IMKit/src/main/res/drawable/rc_menu_text_selector.xml", "XML", 0, 0, 0, 0, 5, 0, 0, 0, 0, 0, 0, 0, 0, 0, 0, 5
"/Users/lvwang2002/Desktop/CodeSource/work/kang_jia/kang_jia/android/EBOLIB2ND/IMKit/src/main/res/drawable/rc_message_checkbox.xml", "XML", 0, 0, 0, 0, 5, 0, 0, 0, 0, 0, 0, 0, 0, 0, 0, 5
"/Users/lvwang2002/Desktop/CodeSource/work/kang_jia/kang_jia/android/EBOLIB2ND/IMKit/src/main/res/drawable/rc_notification_connecting_animated.xml", "XML", 0, 0, 0, 0, 4, 0, 0, 0, 0, 0, 0, 0, 0, 0, 0, 4
"/Users/lvwang2002/Desktop/CodeSource/work/kang_jia/kang_jia/android/EBOLIB2ND/IMKit/src/main/res/drawable/rc_pb_file_download_progress.xml", "XML", 0, 0, 0, 0, 16, 0, 0, 0, 0, 0, 0, 0, 0, 3, 0, 19
"/Users/lvwang2002/Desktop/CodeSource/work/kang_jia/kang_jia/android/EBOLIB2ND/IMKit/src/main/res/drawable/rc_plugin_toggle_selector.xml", "XML", 0, 0, 0, 0, 5, 0, 0, 0, 0, 0, 0, 0, 0, 0, 0, 5
"/Users/lvwang2002/Desktop/CodeSource/work/kang_jia/kang_jia/android/EBOLIB2ND/IMKit/src/main/res/drawable/rc_progress_sending_style.xml", "XML", 0, 0, 0, 0, 4, 0, 0, 0, 0, 0, 0, 0, 0, 0, 0, 4
"/Users/lvwang2002/Desktop/CodeSource/work/kang_jia/kang_jia/android/EBOLIB2ND/IMKit/src/main/res/drawable/rc_read_receipt_request_button.xml", "XML", 0, 0, 0, 0, 5, 0, 0, 0, 0, 0, 0, 0, 0, 0, 0, 5
"/Users/lvwang2002/Desktop/CodeSource/work/kang_jia/kang_jia/android/EBOLIB2ND/IMKit/src/main/res/drawable/rc_sel_picsel_toolbar_back.xml", "XML", 0, 0, 0, 0, 5, 0, 0, 0, 0, 0, 0, 0, 0, 0, 0, 5
"/Users/lvwang2002/Desktop/CodeSource/work/kang_jia/kang_jia/android/EBOLIB2ND/IMKit/src/main/res/drawable/rc_sel_picsel_toolbar_send.xml", "XML", 0, 0, 0, 0, 21, 0, 0, 0, 0, 0, 0, 0, 0, 0, 0, 21
"/Users/lvwang2002/Desktop/CodeSource/work/kang_jia/kang_jia/android/EBOLIB2ND/IMKit/src/main/res/drawable/rc_selector_grid_camera_mask.xml", "XML", 0, 0, 0, 0, 5, 0, 0, 0, 0, 0, 0, 0, 0, 0, 0, 5
"/Users/lvwang2002/Desktop/CodeSource/work/kang_jia/kang_jia/android/EBOLIB2ND/IMKit/src/main/res/drawable/rc_selector_title_back_press.xml", "XML", 0, 0, 0, 0, 6, 0, 0, 0, 0, 0, 0, 0, 0, 0, 2, 8
"/Users/lvwang2002/Desktop/CodeSource/work/kang_jia/kang_jia/android/EBOLIB2ND/IMKit/src/main/res/drawable/rc_send_toggle_selector.xml", "XML", 0, 0, 0, 0, 5, 0, 0, 0, 0, 0, 0, 0, 0, 0, 0, 5
"/Users/lvwang2002/Desktop/CodeSource/work/kang_jia/kang_jia/android/EBOLIB2ND/IMKit/src/main/res/drawable/rc_sp_grid_mask.xml", "XML", 0, 0, 0, 0, 7, 0, 0, 0, 0, 0, 0, 0, 0, 0, 0, 7
"/Users/lvwang2002/Desktop/CodeSource/work/kang_jia/kang_jia/android/EBOLIB2ND/IMKit/src/main/res/drawable/rc_switch_btn.xml", "XML", 0, 0, 0, 0, 5, 0, 0, 0, 0, 0, 0, 0, 0, 0, 0, 5
"/Users/lvwang2002/Desktop/CodeSource/work/kang_jia/kang_jia/android/EBOLIB2ND/IMKit/src/main/res/drawable/rc_unread_msg_bg_style.xml", "XML", 0, 0, 0, 0, 10, 0, 0, 0, 0, 0, 0, 0, 0, 0, 0, 10
"/Users/lvwang2002/Desktop/CodeSource/work/kang_jia/kang_jia/android/EBOLIB2ND/IMKit/src/main/res/drawable/rc_voice_input_selector.xml", "XML", 0, 0, 0, 0, 5, 0, 0, 0, 0, 0, 0, 0, 0, 0, 0, 5
"/Users/lvwang2002/Desktop/CodeSource/work/kang_jia/kang_jia/android/EBOLIB2ND/IMKit/src/main/res/drawable/rc_voice_toggle_selector.xml", "XML", 0, 0, 0, 0, 7, 0, 0, 0, 0, 0, 0, 0, 0, 2, 1, 10
"/Users/lvwang2002/Desktop/CodeSource/work/kang_jia/kang_jia/android/EBOLIB2ND/IMKit/src/main/res/drawable/rc_white_bg_shape.xml", "XML", 0, 0, 0, 0, 6, 0, 0, 0, 0, 0, 0, 0, 0, 0, 0, 6
"/Users/lvwang2002/Desktop/CodeSource/work/kang_jia/kang_jia/android/EBOLIB2ND/IMKit/src/main/res/layout/rc_ac_albums.xml", "XML", 0, 0, 0, 0, 47, 0, 0, 0, 0, 0, 0, 0, 0, 0, 8, 55
"/Users/lvwang2002/Desktop/CodeSource/work/kang_jia/kang_jia/android/EBOLIB2ND/IMKit/src/main/res/layout/rc_ac_camera.xml", "XML", 0, 0, 0, 0, 48, 0, 0, 0, 0, 0, 0, 0, 0, 0, 7, 55
"/Users/lvwang2002/Desktop/CodeSource/work/kang_jia/kang_jia/android/EBOLIB2ND/IMKit/src/main/res/layout/rc_ac_file_download.xml", "XML", 0, 0, 0, 0, 5, 0, 0, 0, 0, 0, 0, 0, 0, 0, 0, 5
"/Users/lvwang2002/Desktop/CodeSource/work/kang_jia/kang_jia/android/EBOLIB2ND/IMKit/src/main/res/layout/rc_ac_file_list.xml", "XML", 0, 0, 0, 0, 10, 0, 0, 0, 0, 0, 0, 0, 0, 0, 1, 11
"/Users/lvwang2002/Desktop/CodeSource/work/kang_jia/kang_jia/android/EBOLIB2ND/IMKit/src/main/res/layout/rc_ac_file_manager.xml", "XML", 0, 0, 0, 0, 130, 0, 0, 0, 0, 0, 0, 0, 0, 0, 35, 165
"/Users/lvwang2002/Desktop/CodeSource/work/kang_jia/kang_jia/android/EBOLIB2ND/IMKit/src/main/res/layout/rc_ac_file_preview_content.xml", "XML", 0, 0, 0, 0, 84, 0, 0, 0, 0, 0, 0, 0, 0, 0, 10, 94
"/Users/lvwang2002/Desktop/CodeSource/work/kang_jia/kang_jia/android/EBOLIB2ND/IMKit/src/main/res/layout/rc_ac_picture_pager.xml", "XML", 0, 0, 0, 0, 11, 0, 0, 0, 0, 0, 0, 0, 0, 0, 1, 12
"/Users/lvwang2002/Desktop/CodeSource/work/kang_jia/kang_jia/android/EBOLIB2ND/IMKit/src/main/res/layout/rc_ac_webview.xml", "XML", 0, 0, 0, 0, 17, 0, 0, 0, 0, 0, 0, 0, 0, 0, 3, 20
"/Users/lvwang2002/Desktop/CodeSource/work/kang_jia/kang_jia/android/EBOLIB2ND/IMKit/src/main/res/layout/rc_base_activity_layout.xml", "XML", 0, 0, 0, 0, 54, 0, 0, 0, 0, 0, 0, 0, 0, 0, 6, 60
"/Users/lvwang2002/Desktop/CodeSource/work/kang_jia/kang_jia/android/EBOLIB2ND/IMKit/src/main/res/layout/rc_camera.xml", "XML", 0, 0, 0, 0, 47, 0, 0, 0, 0, 0, 0, 0, 0, 0, 7, 54
"/Users/lvwang2002/Desktop/CodeSource/work/kang_jia/kang_jia/android/EBOLIB2ND/IMKit/src/main/res/layout/rc_conversation_notification_container.xml", "XML", 0, 0, 0, 0, 34, 0, 0, 0, 0, 0, 0, 0, 0, 0, 5, 39
"/Users/lvwang2002/Desktop/CodeSource/work/kang_jia/kang_jia/android/EBOLIB2ND/IMKit/src/main/res/layout/rc_cs_alert_human_evaluation.xml", "XML", 0, 0, 0, 0, 79, 0, 0, 0, 0, 0, 0, 0, 0, 0, 12, 91
"/Users/lvwang2002/Desktop/CodeSource/work/kang_jia/kang_jia/android/EBOLIB2ND/IMKit/src/main/res/layout/rc_cs_alert_robot_evaluation.xml", "XML", 0, 0, 0, 0, 63, 0, 0, 0, 0, 0, 0, 0, 0, 0, 9, 72
"/Users/lvwang2002/Desktop/CodeSource/work/kang_jia/kang_jia/android/EBOLIB2ND/IMKit/src/main/res/layout/rc_cs_alert_warning.xml", "XML", 0, 0, 0, 0, 36, 0, 0, 0, 0, 0, 0, 0, 0, 0, 4, 40
"/Users/lvwang2002/Desktop/CodeSource/work/kang_jia/kang_jia/android/EBOLIB2ND/IMKit/src/main/res/layout/rc_cs_evaluate.xml", "XML", 0, 0, 0, 0, 130, 0, 0, 0, 0, 0, 0, 0, 0, 0, 15, 145
"/Users/lvwang2002/Desktop/CodeSource/work/kang_jia/kang_jia/android/EBOLIB2ND/IMKit/src/main/res/layout/rc_cs_item_single_choice.xml", "XML", 0, 0, 0, 0, 26, 0, 0, 0, 0, 0, 0, 0, 0, 0, 3, 29
"/Users/lvwang2002/Desktop/CodeSource/work/kang_jia/kang_jia/android/EBOLIB2ND/IMKit/src/main/res/layout/rc_cs_leave_message.xml", "XML", 0, 0, 0, 0, 75, 0, 0, 0, 0, 0, 0, 0, 0, 0, 13, 88
"/Users/lvwang2002/Desktop/CodeSource/work/kang_jia/kang_jia/android/EBOLIB2ND/IMKit/src/main/res/layout/rc_cs_single_choice_layout.xml", "XML", 0, 0, 0, 0, 79, 0, 0, 0, 0, 0, 0, 0, 0, 0, 12, 91
"/Users/lvwang2002/Desktop/CodeSource/work/kang_jia/kang_jia/android/EBOLIB2ND/IMKit/src/main/res/layout/rc_dialog_popup_options.xml", "XML", 0, 0, 0, 0, 14, 0, 0, 0, 0, 0, 0, 0, 0, 0, 1, 15
"/Users/lvwang2002/Desktop/CodeSource/work/kang_jia/kang_jia/android/EBOLIB2ND/IMKit/src/main/res/layout/rc_dialog_popup_options_item.xml", "XML", 0, 0, 0, 0, 14, 0, 0, 0, 0, 0, 0, 0, 0, 0, 1, 15
"/Users/lvwang2002/Desktop/CodeSource/work/kang_jia/kang_jia/android/EBOLIB2ND/IMKit/src/main/res/layout/rc_dialog_popup_prompt.xml", "XML", 0, 0, 0, 0, 69, 0, 0, 0, 0, 0, 0, 0, 0, 0, 10, 79
"/Users/lvwang2002/Desktop/CodeSource/work/kang_jia/kang_jia/android/EBOLIB2ND/IMKit/src/main/res/layout/rc_dialog_popup_prompt_warning.xml", "XML", 0, 0, 0, 0, 49, 0, 0, 0, 0, 0, 0, 0, 0, 0, 9, 58
"/Users/lvwang2002/Desktop/CodeSource/work/kang_jia/kang_jia/android/EBOLIB2ND/IMKit/src/main/res/layout/rc_ext_emoji_grid_view.xml", "XML", 0, 0, 0, 0, 10, 0, 0, 0, 0, 0, 0, 0, 0, 0, 0, 10
"/Users/lvwang2002/Desktop/CodeSource/work/kang_jia/kang_jia/android/EBOLIB2ND/IMKit/src/main/res/layout/rc_ext_emoji_item.xml", "XML", 0, 0, 0, 0, 13, 0, 0, 0, 0, 0, 0, 0, 0, 0, 1, 14
"/Users/lvwang2002/Desktop/CodeSource/work/kang_jia/kang_jia/android/EBOLIB2ND/IMKit/src/main/res/layout/rc_ext_emoji_pager.xml", "XML", 0, 0, 0, 0, 23, 0, 0, 0, 0, 0, 0, 0, 0, 0, 2, 25
"/Users/lvwang2002/Desktop/CodeSource/work/kang_jia/kang_jia/android/EBOLIB2ND/IMKit/src/main/res/layout/rc_ext_emoticon_tab_container.xml", "XML", 0, 0, 0, 0, 60, 0, 0, 0, 0, 0, 0, 0, 0, 0, 9, 69
"/Users/lvwang2002/Desktop/CodeSource/work/kang_jia/kang_jia/android/EBOLIB2ND/IMKit/src/main/res/layout/rc_ext_emoticon_tab_item.xml", "XML", 0, 0, 0, 0, 17, 0, 0, 0, 0, 0, 0, 0, 0, 0, 3, 20
"/Users/lvwang2002/Desktop/CodeSource/work/kang_jia/kang_jia/android/EBOLIB2ND/IMKit/src/main/res/layout/rc_ext_extension_bar.xml", "XML", 0, 0, 0, 0, 71, 0, 0, 0, 0, 0, 0, 0, 0, 4, 9, 84
"/Users/lvwang2002/Desktop/CodeSource/work/kang_jia/kang_jia/android/EBOLIB2ND/IMKit/src/main/res/layout/rc_ext_indicator.xml", "XML", 0, 0, 0, 0, 7, 0, 0, 0, 0, 0, 0, 0, 0, 0, 0, 7
"/Users/lvwang2002/Desktop/CodeSource/work/kang_jia/kang_jia/android/EBOLIB2ND/IMKit/src/main/res/layout/rc_ext_input_edit_text.xml", "XML", 0, 0, 0, 0, 49, 0, 0, 0, 0, 0, 0, 0, 0, 0, 6, 55
"/Users/lvwang2002/Desktop/CodeSource/work/kang_jia/kang_jia/android/EBOLIB2ND/IMKit/src/main/res/layout/rc_ext_menu_container.xml", "XML", 0, 0, 0, 0, 29, 0, 0, 0, 0, 0, 0, 0, 0, 0, 4, 33
"/Users/lvwang2002/Desktop/CodeSource/work/kang_jia/kang_jia/android/EBOLIB2ND/IMKit/src/main/res/layout/rc_ext_plugin_grid_view.xml", "XML", 0, 0, 0, 0, 12, 0, 0, 0, 0, 0, 0, 0, 0, 0, 0, 12
"/Users/lvwang2002/Desktop/CodeSource/work/kang_jia/kang_jia/android/EBOLIB2ND/IMKit/src/main/res/layout/rc_ext_plugin_item.xml", "XML", 0, 0, 0, 0, 23, 0, 0, 0, 0, 0, 0, 0, 0, 0, 2, 25
"/Users/lvwang2002/Desktop/CodeSource/work/kang_jia/kang_jia/android/EBOLIB2ND/IMKit/src/main/res/layout/rc_ext_plugin_pager.xml", "XML", 0, 0, 0, 0, 34, 0, 0, 0, 0, 0, 0, 0, 0, 0, 4, 38
"/Users/lvwang2002/Desktop/CodeSource/work/kang_jia/kang_jia/android/EBOLIB2ND/IMKit/src/main/res/layout/rc_ext_root_menu_item.xml", "XML", 0, 0, 0, 0, 37, 0, 0, 0, 0, 0, 0, 0, 0, 0, 5, 42
"/Users/lvwang2002/Desktop/CodeSource/work/kang_jia/kang_jia/android/EBOLIB2ND/IMKit/src/main/res/layout/rc_ext_sub_menu_container.xml", "XML", 0, 0, 0, 0, 7, 0, 0, 0, 0, 0, 0, 0, 0, 0, 2, 9
"/Users/lvwang2002/Desktop/CodeSource/work/kang_jia/kang_jia/android/EBOLIB2ND/IMKit/src/main/res/layout/rc_ext_sub_menu_item.xml", "XML", 0, 0, 0, 0, 23, 0, 0, 0, 0, 0, 0, 0, 0, 0, 2, 25
"/Users/lvwang2002/Desktop/CodeSource/work/kang_jia/kang_jia/android/EBOLIB2ND/IMKit/src/main/res/layout/rc_ext_voice_input.xml", "XML", 0, 0, 0, 0, 11, 0, 0, 0, 0, 0, 0, 0, 0, 0, 0, 11
"/Users/lvwang2002/Desktop/CodeSource/work/kang_jia/kang_jia/android/EBOLIB2ND/IMKit/src/main/res/layout/rc_fr_conversation.xml", "XML", 0, 0, 0, 0, 19, 0, 0, 0, 0, 0, 0, 0, 0, 0, 4, 23
"/Users/lvwang2002/Desktop/CodeSource/work/kang_jia/kang_jia/android/EBOLIB2ND/IMKit/src/main/res/layout/rc_fr_conversation_member_list.xml", "XML", 0, 0, 0, 0, 26, 0, 0, 0, 0, 0, 0, 0, 0, 0, 3, 29
"/Users/lvwang2002/Desktop/CodeSource/work/kang_jia/kang_jia/android/EBOLIB2ND/IMKit/src/main/res/layout/rc_fr_conversationlist.xml", "XML", 0, 0, 0, 0, 58, 0, 0, 0, 0, 0, 0, 0, 0, 0, 10, 68
"/Users/lvwang2002/Desktop/CodeSource/work/kang_jia/kang_jia/android/EBOLIB2ND/IMKit/src/main/res/layout/rc_fr_dialog_alter.xml", "XML", 0, 0, 0, 0, 31, 0, 0, 0, 0, 0, 0, 0, 0, 0, 7, 38
"/Users/lvwang2002/Desktop/CodeSource/work/kang_jia/kang_jia/android/EBOLIB2ND/IMKit/src/main/res/layout/rc_fr_file_list.xml", "XML", 0, 0, 0, 0, 90, 0, 0, 0, 0, 0, 0, 0, 0, 2, 12, 104
"/Users/lvwang2002/Desktop/CodeSource/work/kang_jia/kang_jia/android/EBOLIB2ND/IMKit/src/main/res/layout/rc_fr_image.xml", "XML", 0, 0, 0, 0, 22, 0, 0, 0, 0, 0, 0, 0, 0, 0, 3, 25
"/Users/lvwang2002/Desktop/CodeSource/work/kang_jia/kang_jia/android/EBOLIB2ND/IMKit/src/main/res/layout/rc_fr_messagelist.xml", "XML", 0, 0, 0, 0, 77, 0, 0, 0, 0, 0, 0, 0, 0, 0, 8, 85
"/Users/lvwang2002/Desktop/CodeSource/work/kang_jia/kang_jia/android/EBOLIB2ND/IMKit/src/main/res/layout/rc_fr_photo.xml", "XML", 0, 0, 0, 0, 10, 0, 0, 0, 0, 0, 0, 0, 0, 0, 2, 12
"/Users/lvwang2002/Desktop/CodeSource/work/kang_jia/kang_jia/android/EBOLIB2ND/IMKit/src/main/res/layout/rc_fr_public_service_inf.xml", "XML", 0, 0, 0, 0, 114, 0, 0, 0, 0, 0, 0, 0, 0, 0, 19, 133
"/Users/lvwang2002/Desktop/CodeSource/work/kang_jia/kang_jia/android/EBOLIB2ND/IMKit/src/main/res/layout/rc_fr_public_service_search.xml", "XML", 0, 0, 0, 0, 43, 0, 0, 0, 0, 0, 0, 0, 0, 0, 7, 50
"/Users/lvwang2002/Desktop/CodeSource/work/kang_jia/kang_jia/android/EBOLIB2ND/IMKit/src/main/res/layout/rc_fr_public_service_sub_list.xml", "XML", 0, 0, 0, 0, 13, 0, 0, 0, 0, 0, 0, 0, 0, 0, 1, 14
"/Users/lvwang2002/Desktop/CodeSource/work/kang_jia/kang_jia/android/EBOLIB2ND/IMKit/src/main/res/layout/rc_fragment_base_setting.xml", "XML", 0, 0, 0, 0, 36, 0, 0, 0, 0, 0, 0, 0, 0, 0, 6, 42
"/Users/lvwang2002/Desktop/CodeSource/work/kang_jia/kang_jia/android/EBOLIB2ND/IMKit/src/main/res/layout/rc_icon_rt_location_marker.xml", "XML", 0, 0, 0, 0, 17, 0, 0, 0, 0, 0, 0, 0, 0, 0, 3, 20
"/Users/lvwang2002/Desktop/CodeSource/work/kang_jia/kang_jia/android/EBOLIB2ND/IMKit/src/main/res/layout/rc_input_pager_layout.xml", "XML", 0, 0, 0, 0, 24, 0, 0, 0, 0, 0, 0, 0, 0, 0, 3, 27
"/Users/lvwang2002/Desktop/CodeSource/work/kang_jia/kang_jia/android/EBOLIB2ND/IMKit/src/main/res/layout/rc_item_app_service_conversation.xml", "XML", 0, 0, 0, 0, 58, 0, 0, 0, 0, 0, 0, 0, 0, 0, 5, 63
"/Users/lvwang2002/Desktop/CodeSource/work/kang_jia/kang_jia/android/EBOLIB2ND/IMKit/src/main/res/layout/rc_item_base_conversation.xml", "XML", 0, 0, 0, 0, 81, 0, 0, 0, 0, 0, 0, 0, 0, 0, 11, 92
"/Users/lvwang2002/Desktop/CodeSource/work/kang_jia/kang_jia/android/EBOLIB2ND/IMKit/src/main/res/layout/rc_item_conversation.xml", "XML", 0, 0, 0, 0, 84, 0, 0, 0, 0, 0, 0, 0, 0, 0, 14, 98
"/Users/lvwang2002/Desktop/CodeSource/work/kang_jia/kang_jia/android/EBOLIB2ND/IMKit/src/main/res/layout/rc_item_conversation_member.xml", "XML", 0, 0, 0, 0, 42, 0, 0, 0, 0, 0, 0, 0, 0, 0, 7, 49
"/Users/lvwang2002/Desktop/CodeSource/work/kang_jia/kang_jia/android/EBOLIB2ND/IMKit/src/main/res/layout/rc_item_discussion_conversation.xml", "XML", 0, 0, 0, 0, 58, 0, 0, 0, 0, 0, 0, 0, 0, 0, 5, 63
"/Users/lvwang2002/Desktop/CodeSource/work/kang_jia/kang_jia/android/EBOLIB2ND/IMKit/src/main/res/layout/rc_item_discussion_notification_message.xml", "XML", 0, 0, 0, 0, 7, 0, 0, 0, 0, 0, 0, 0, 0, 0, 3, 10
"/Users/lvwang2002/Desktop/CodeSource/work/kang_jia/kang_jia/android/EBOLIB2ND/IMKit/src/main/res/layout/rc_item_file_message.xml", "XML", 0, 0, 0, 0, 85, 0, 0, 0, 0, 0, 0, 0, 0, 0, 12, 97
"/Users/lvwang2002/Desktop/CodeSource/work/kang_jia/kang_jia/android/EBOLIB2ND/IMKit/src/main/res/layout/rc_item_group_conversation.xml", "XML", 0, 0, 0, 0, 58, 0, 0, 0, 0, 0, 0, 0, 0, 0, 5, 63
"/Users/lvwang2002/Desktop/CodeSource/work/kang_jia/kang_jia/android/EBOLIB2ND/IMKit/src/main/res/layout/rc_item_group_information_notification_message.xml", "XML", 0, 0, 0, 0, 7, 0, 0, 0, 0, 0, 0, 0, 0, 0, 3, 10
"/Users/lvwang2002/Desktop/CodeSource/work/kang_jia/kang_jia/android/EBOLIB2ND/IMKit/src/main/res/layout/rc_item_image_message.xml", "XML", 0, 0, 0, 0, 22, 0, 0, 0, 0, 0, 0, 0, 0, 0, 2, 24
"/Users/lvwang2002/Desktop/CodeSource/work/kang_jia/kang_jia/android/EBOLIB2ND/IMKit/src/main/res/layout/rc_item_information_notification_message.xml", "XML", 0, 0, 0, 0, 8, 0, 0, 0, 0, 0, 0, 0, 0, 0, 3, 11
"/Users/lvwang2002/Desktop/CodeSource/work/kang_jia/kang_jia/android/EBOLIB2ND/IMKit/src/main/res/layout/rc_item_location_message.xml", "XML", 0, 0, 0, 0, 29, 0, 0, 0, 0, 0, 0, 0, 0, 0, 2, 31
"/Users/lvwang2002/Desktop/CodeSource/work/kang_jia/kang_jia/android/EBOLIB2ND/IMKit/src/main/res/layout/rc_item_message.xml", "XML", 0, 0, 0, 0, 158, 0, 0, 0, 0, 0, 0, 0, 0, 0, 20, 178
"/Users/lvwang2002/Desktop/CodeSource/work/kang_jia/kang_jia/android/EBOLIB2ND/IMKit/src/main/res/layout/rc_item_preview_fragment.xml", "XML", 0, 0, 0, 0, 10, 0, 0, 0, 0, 0, 0, 0, 0, 0, 2, 12
"/Users/lvwang2002/Desktop/CodeSource/work/kang_jia/kang_jia/android/EBOLIB2ND/IMKit/src/main/res/layout/rc_item_progress.xml", "XML", 0, 0, 0, 0, 10, 0, 0, 0, 0, 0, 0, 0, 0, 0, 1, 11
"/Users/lvwang2002/Desktop/CodeSource/work/kang_jia/kang_jia/android/EBOLIB2ND/IMKit/src/main/res/layout/rc_item_public_service_conversation.xml", "XML", 0, 0, 0, 0, 58, 0, 0, 0, 0, 0, 0, 0, 0, 0, 5, 63
"/Users/lvwang2002/Desktop/CodeSource/work/kang_jia/kang_jia/android/EBOLIB2ND/IMKit/src/main/res/layout/rc_item_public_service_input_menu.xml", "XML", 0, 0, 0, 0, 36, 0, 0, 0, 0, 0, 0, 0, 0, 0, 5, 41
"/Users/lvwang2002/Desktop/CodeSource/work/kang_jia/kang_jia/android/EBOLIB2ND/IMKit/src/main/res/layout/rc_item_public_service_input_menu_item.xml", "XML", 0, 0, 0, 0, 21, 0, 0, 0, 0, 0, 0, 0, 0, 0, 2, 23
"/Users/lvwang2002/Desktop/CodeSource/work/kang_jia/kang_jia/android/EBOLIB2ND/IMKit/src/main/res/layout/rc_item_public_service_input_menus.xml", "XML", 0, 0, 0, 0, 13, 0, 0, 0, 0, 0, 0, 0, 0, 0, 2, 15
"/Users/lvwang2002/Desktop/CodeSource/work/kang_jia/kang_jia/android/EBOLIB2ND/IMKit/src/main/res/layout/rc_item_public_service_list.xml", "XML", 0, 0, 0, 0, 37, 0, 0, 0, 0, 0, 0, 0, 0, 0, 7, 44
"/Users/lvwang2002/Desktop/CodeSource/work/kang_jia/kang_jia/android/EBOLIB2ND/IMKit/src/main/res/layout/rc_item_public_service_message.xml", "XML", 0, 0, 0, 0, 35, 0, 0, 0, 0, 0, 0, 0, 0, 0, 4, 39
"/Users/lvwang2002/Desktop/CodeSource/work/kang_jia/kang_jia/android/EBOLIB2ND/IMKit/src/main/res/layout/rc_item_public_service_multi_rich_content_message.xml", "XML", 0, 0, 0, 0, 42, 0, 0, 0, 0, 0, 0, 0, 0, 0, 8, 50
"/Users/lvwang2002/Desktop/CodeSource/work/kang_jia/kang_jia/android/EBOLIB2ND/IMKit/src/main/res/layout/rc_item_public_service_rich_content_message.xml", "XML", 0, 0, 0, 0, 58, 0, 0, 0, 0, 0, 0, 0, 0, 0, 7, 65
"/Users/lvwang2002/Desktop/CodeSource/work/kang_jia/kang_jia/android/EBOLIB2ND/IMKit/src/main/res/layout/rc_item_public_service_search.xml", "XML", 0, 0, 0, 0, 42, 0, 0, 0, 0, 0, 0, 0, 0, 0, 8, 50
"/Users/lvwang2002/Desktop/CodeSource/work/kang_jia/kang_jia/android/EBOLIB2ND/IMKit/src/main/res/layout/rc_item_rich_content_message.xml", "XML", 0, 0, 0, 0, 49, 0, 0, 0, 0, 0, 0, 0, 0, 0, 6, 55
"/Users/lvwang2002/Desktop/CodeSource/work/kang_jia/kang_jia/android/EBOLIB2ND/IMKit/src/main/res/layout/rc_item_system_conversation.xml", "XML", 0, 0, 0, 0, 58, 0, 0, 0, 0, 0, 0, 0, 0, 0, 5, 63
"/Users/lvwang2002/Desktop/CodeSource/work/kang_jia/kang_jia/android/EBOLIB2ND/IMKit/src/main/res/layout/rc_item_text_message.xml", "XML", 0, 0, 0, 0, 14, 0, 0, 0, 0, 0, 0, 0, 0, 0, 2, 16
"/Users/lvwang2002/Desktop/CodeSource/work/kang_jia/kang_jia/android/EBOLIB2ND/IMKit/src/main/res/layout/rc_item_text_message_evaluate.xml", "XML", 0, 0, 0, 0, 63, 0, 0, 0, 0, 0, 0, 0, 0, 0, 8, 71
"/Users/lvwang2002/Desktop/CodeSource/work/kang_jia/kang_jia/android/EBOLIB2ND/IMKit/src/main/res/layout/rc_item_voice_message.xml", "XML", 0, 0, 0, 0, 45, 0, 0, 0, 0, 0, 0, 0, 0, 0, 6, 51
"/Users/lvwang2002/Desktop/CodeSource/work/kang_jia/kang_jia/android/EBOLIB2ND/IMKit/src/main/res/layout/rc_location_preview_activity.xml", "XML", 0, 0, 0, 0, 9, 0, 0, 0, 0, 0, 0, 0, 0, 0, 1, 10
"/Users/lvwang2002/Desktop/CodeSource/work/kang_jia/kang_jia/android/EBOLIB2ND/IMKit/src/main/res/layout/rc_location_real_time_activity.xml", "XML", 0, 0, 0, 0, 58, 0, 0, 0, 0, 0, 0, 0, 0, 0, 7, 65
"/Users/lvwang2002/Desktop/CodeSource/work/kang_jia/kang_jia/android/EBOLIB2ND/IMKit/src/main/res/layout/rc_mention_list_item.xml", "XML", 0, 0, 0, 0, 53, 0, 0, 0, 0, 0, 0, 0, 0, 0, 7, 60
"/Users/lvwang2002/Desktop/CodeSource/work/kang_jia/kang_jia/android/EBOLIB2ND/IMKit/src/main/res/layout/rc_mention_members.xml", "XML", 0, 0, 0, 0, 68, 0, 0, 0, 0, 0, 0, 0, 0, 0, 10, 78
"/Users/lvwang2002/Desktop/CodeSource/work/kang_jia/kang_jia/android/EBOLIB2ND/IMKit/src/main/res/layout/rc_notification_realtime_location.xml", "XML", 0, 0, 0, 0, 34, 0, 0, 0, 0, 0, 0, 0, 0, 0, 5, 39
"/Users/lvwang2002/Desktop/CodeSource/work/kang_jia/kang_jia/android/EBOLIB2ND/IMKit/src/main/res/layout/rc_pic_popup_window.xml", "XML", 0, 0, 0, 0, 32, 0, 0, 0, 0, 0, 0, 0, 0, 0, 3, 35
"/Users/lvwang2002/Desktop/CodeSource/work/kang_jia/kang_jia/android/EBOLIB2ND/IMKit/src/main/res/layout/rc_picprev_activity.xml", "XML", 0, 0, 0, 0, 99, 0, 0, 0, 0, 0, 0, 0, 0, 0, 14, 113
"/Users/lvwang2002/Desktop/CodeSource/work/kang_jia/kang_jia/android/EBOLIB2ND/IMKit/src/main/res/layout/rc_picsel_activity.xml", "XML", 0, 0, 0, 0, 128, 0, 0, 0, 0, 0, 0, 0, 0, 0, 16, 144
"/Users/lvwang2002/Desktop/CodeSource/work/kang_jia/kang_jia/android/EBOLIB2ND/IMKit/src/main/res/layout/rc_picsel_catalog_listview.xml", "XML", 0, 0, 0, 0, 50, 0, 0, 0, 0, 0, 0, 0, 0, 0, 9, 59
"/Users/lvwang2002/Desktop/CodeSource/work/kang_jia/kang_jia/android/EBOLIB2ND/IMKit/src/main/res/layout/rc_picsel_grid_camera.xml", "XML", 0, 0, 0, 0, 35, 0, 0, 0, 0, 0, 0, 0, 0, 0, 6, 41
"/Users/lvwang2002/Desktop/CodeSource/work/kang_jia/kang_jia/android/EBOLIB2ND/IMKit/src/main/res/layout/rc_picsel_grid_item.xml", "XML", 0, 0, 0, 0, 25, 0, 0, 0, 0, 0, 0, 0, 0, 0, 5, 30
"/Users/lvwang2002/Desktop/CodeSource/work/kang_jia/kang_jia/android/EBOLIB2ND/IMKit/src/main/res/layout/rc_picsel_original.xml", "XML", 0, 0, 0, 0, 22, 0, 0, 0, 0, 0, 0, 0, 0, 0, 2, 24
"/Users/lvwang2002/Desktop/CodeSource/work/kang_jia/kang_jia/android/EBOLIB2ND/IMKit/src/main/res/layout/rc_picsel_preview.xml", "XML", 0, 0, 0, 0, 22, 0, 0, 0, 0, 0, 0, 0, 0, 0, 2, 24
"/Users/lvwang2002/Desktop/CodeSource/work/kang_jia/kang_jia/android/EBOLIB2ND/IMKit/src/main/res/layout/rc_plugin_location_activity.xml", "XML", 0, 0, 0, 0, 36, 0, 0, 0, 0, 0, 0, 0, 0, 0, 4, 40
"/Users/lvwang2002/Desktop/CodeSource/work/kang_jia/kang_jia/android/EBOLIB2ND/IMKit/src/main/res/layout/rc_refresh_list_view.xml", "XML", 0, 0, 0, 0, 14, 0, 0, 0, 0, 0, 0, 0, 0, 0, 2, 16
"/Users/lvwang2002/Desktop/CodeSource/work/kang_jia/kang_jia/android/EBOLIB2ND/IMKit/src/main/res/layout/rc_share_location_message.xml", "XML", 0, 0, 0, 0, 11, 0, 0, 0, 0, 0, 0, 0, 0, 0, 2, 13
"/Users/lvwang2002/Desktop/CodeSource/work/kang_jia/kang_jia/android/EBOLIB2ND/IMKit/src/main/res/layout/rc_wi_block.xml", "XML", 0, 0, 0, 0, 6, 0, 0, 0, 0, 0, 0, 0, 0, 0, 0, 6
"/Users/lvwang2002/Desktop/CodeSource/work/kang_jia/kang_jia/android/EBOLIB2ND/IMKit/src/main/res/layout/rc_wi_block_popup.xml", "XML", 0, 0, 0, 0, 6, 0, 0, 0, 0, 0, 0, 0, 0, 0, 1, 7
"/Users/lvwang2002/Desktop/CodeSource/work/kang_jia/kang_jia/android/EBOLIB2ND/IMKit/src/main/res/layout/rc_wi_file_list_adapter.xml", "XML", 0, 0, 0, 0, 42, 0, 0, 0, 0, 0, 0, 0, 0, 0, 5, 47
"/Users/lvwang2002/Desktop/CodeSource/work/kang_jia/kang_jia/android/EBOLIB2ND/IMKit/src/main/res/layout/rc_wi_notice.xml", "XML", 0, 0, 0, 0, 22, 0, 0, 0, 0, 0, 0, 0, 0, 0, 2, 24
"/Users/lvwang2002/Desktop/CodeSource/work/kang_jia/kang_jia/android/EBOLIB2ND/IMKit/src/main/res/layout/rc_wi_vo_popup.xml", "XML", 0, 0, 0, 0, 51, 0, 0, 0, 0, 0, 0, 0, 0, 0, 4, 55
"/Users/lvwang2002/Desktop/CodeSource/work/kang_jia/kang_jia/android/EBOLIB2ND/IMKit/src/main/res/values-en/rc_ext_string.xml", "XML", 0, 0, 0, 0, 45, 0, 0, 0, 0, 0, 0, 0, 0, 2, 4, 51
"/Users/lvwang2002/Desktop/CodeSource/work/kang_jia/kang_jia/android/EBOLIB2ND/IMKit/src/main/res/values-en/rc_kit_string.xml", "XML", 0, 0, 0, 0, 203, 0, 0, 0, 0, 0, 0, 0, 0, 2, 25, 230
"/Users/lvwang2002/Desktop/CodeSource/work/kang_jia/kang_jia/android/EBOLIB2ND/IMKit/src/main/res/values-zh-rTW/rc_ext_string.xml", "XML", 0, 0, 0, 0, 47, 0, 0, 0, 0, 0, 0, 0, 0, 2, 6, 55
"/Users/lvwang2002/Desktop/CodeSource/work/kang_jia/kang_jia/android/EBOLIB2ND/IMKit/src/main/res/values-zh-rTW/rc_kit_string.xml", "XML", 0, 0, 0, 0, 217, 0, 0, 0, 0, 0, 0, 0, 0, 2, 29, 248
"/Users/lvwang2002/Desktop/CodeSource/work/kang_jia/kang_jia/android/EBOLIB2ND/IMKit/src/main/res/values/rc_attrs.xml", "XML", 0, 0, 0, 0, 16, 0, 0, 0, 0, 0, 0, 0, 0, 0, 4, 20
"/Users/lvwang2002/Desktop/CodeSource/work/kang_jia/kang_jia/android/EBOLIB2ND/IMKit/src/main/res/values/rc_color.xml", "XML", 0, 0, 0, 0, 32, 0, 0, 0, 0, 0, 0, 0, 0, 0, 9, 41
"/Users/lvwang2002/Desktop/CodeSource/work/kang_jia/kang_jia/android/EBOLIB2ND/IMKit/src/main/res/values/rc_config.xml", "XML", 0, 0, 0, 0, 15, 0, 0, 0, 0, 0, 0, 0, 0, 12, 10, 37
"/Users/lvwang2002/Desktop/CodeSource/work/kang_jia/kang_jia/android/EBOLIB2ND/IMKit/src/main/res/values/rc_defaults.xml", "XML", 0, 0, 0, 0, 4, 0, 0, 0, 0, 0, 0, 0, 0, 0, 2, 6
"/Users/lvwang2002/Desktop/CodeSource/work/kang_jia/kang_jia/android/EBOLIB2ND/IMKit/src/main/res/values/rc_dimens.xml", "XML", 0, 0, 0, 0, 15, 0, 0, 0, 0, 0, 0, 0, 0, 0, 1, 16
"/Users/lvwang2002/Desktop/CodeSource/work/kang_jia/kang_jia/android/EBOLIB2ND/IMKit/src/main/res/values/rc_emoji.xml", "XML", 0, 0, 0, 0, 263, 0, 0, 0, 0, 0, 0, 0, 0, 0, 1, 264
"/Users/lvwang2002/Desktop/CodeSource/work/kang_jia/kang_jia/android/EBOLIB2ND/IMKit/src/main/res/values/rc_ext_attrs.xml", "XML", 0, 0, 0, 0, 12, 0, 0, 0, 0, 0, 0, 0, 0, 0, 1, 13
"/Users/lvwang2002/Desktop/CodeSource/work/kang_jia/kang_jia/android/EBOLIB2ND/IMKit/src/main/res/values/rc_ext_color.xml", "XML", 0, 0, 0, 0, 24, 0, 0, 0, 0, 0, 0, 0, 0, 3, 6, 33
"/Users/lvwang2002/Desktop/CodeSource/work/kang_jia/kang_jia/android/EBOLIB2ND/IMKit/src/main/res/values/rc_ext_dimens.xml", "XML", 0, 0, 0, 0, 5, 0, 0, 0, 0, 0, 0, 0, 0, 0, 0, 5
"/Users/lvwang2002/Desktop/CodeSource/work/kang_jia/kang_jia/android/EBOLIB2ND/IMKit/src/main/res/values/rc_ext_string.xml", "XML", 0, 0, 0, 0, 47, 0, 0, 0, 0, 0, 0, 0, 0, 2, 6, 55
"/Users/lvwang2002/Desktop/CodeSource/work/kang_jia/kang_jia/android/EBOLIB2ND/IMKit/src/main/res/values/rc_extension_config.xml", "XML", 0, 0, 0, 0, 5, 0, 0, 0, 0, 0, 0, 0, 0, 0, 1, 6
"/Users/lvwang2002/Desktop/CodeSource/work/kang_jia/kang_jia/android/EBOLIB2ND/IMKit/src/main/res/values/rc_file_suffix.xml", "XML", 0, 0, 0, 0, 116, 0, 0, 0, 0, 0, 0, 0, 0, 0, 0, 116
"/Users/lvwang2002/Desktop/CodeSource/work/kang_jia/kang_jia/android/EBOLIB2ND/IMKit/src/main/res/values/rc_ids.xml", "XML", 0, 0, 0, 0, 58, 0, 0, 0, 0, 0, 0, 0, 0, 0, 0, 58
"/Users/lvwang2002/Desktop/CodeSource/work/kang_jia/kang_jia/android/EBOLIB2ND/IMKit/src/main/res/values/rc_kit_string.xml", "XML", 0, 0, 0, 0, 217, 0, 0, 0, 0, 0, 0, 0, 0, 2, 26, 245
"/Users/lvwang2002/Desktop/CodeSource/work/kang_jia/kang_jia/android/EBOLIB2ND/IMKit/src/main/res/values/rc_style.xml", "XML", 0, 0, 0, 0, 51, 0, 0, 0, 0, 0, 0, 0, 0, 0, 8, 59
"/Users/lvwang2002/Desktop/CodeSource/work/kang_jia/kang_jia/android/EBOLIB2ND/IMKit/src/main/res/values/rc_theme.xml", "XML", 0, 0, 0, 0, 65, 0, 0, 0, 0, 0, 0, 0, 0, 22, 18, 105
"/Users/lvwang2002/Desktop/CodeSource/work/kang_jia/kang_jia/android/EBOLIB2ND/IMKit/src/main/res/xml/rc_file_path.xml", "XML", 0, 0, 0, 0, 15, 0, 0, 0, 0, 0, 0, 0, 0, 0, 1, 16
"/Users/lvwang2002/Desktop/CodeSource/work/kang_jia/kang_jia/android/EBOLIB2ND/IMLib/AndroidManifest.xml", "XML", 0, 0, 0, 0, 65, 0, 0, 0, 0, 0, 0, 0, 0, 12, 18, 95
"/Users/lvwang2002/Desktop/CodeSource/work/kang_jia/kang_jia/android/EBOLIB2ND/IMLib/build.gradle", "Groovy", 0, 28, 0, 0, 0, 0, 0, 0, 0, 0, 0, 0, 0, 0, 6, 34
"/Users/lvwang2002/Desktop/CodeSource/work/kang_jia/kang_jia/android/EBOLIB2ND/IMLib/res/values-en/rc_lib_string.xml", "XML", 0, 0, 0, 0, 9, 0, 0, 0, 0, 0, 0, 0, 0, 0, 4, 13
"/Users/lvwang2002/Desktop/CodeSource/work/kang_jia/kang_jia/android/EBOLIB2ND/IMLib/res/values-zh-rTW/rc_lib_string.xml", "XML", 0, 0, 0, 0, 9, 0, 0, 0, 0, 0, 0, 0, 0, 0, 2, 11
"/Users/lvwang2002/Desktop/CodeSource/work/kang_jia/kang_jia/android/EBOLIB2ND/IMLib/res/values/rc_configuration.xml", "XML", 0, 0, 0, 0, 22, 0, 0, 0, 0, 0, 0, 0, 0, 17, 3, 42
"/Users/lvwang2002/Desktop/CodeSource/work/kang_jia/kang_jia/android/EBOLIB2ND/IMLib/res/values/rc_lib_string.xml", "XML", 0, 0, 0, 0, 9, 0, 0, 0, 0, 0, 0, 0, 0, 0, 2, 11
"/Users/lvwang2002/Desktop/CodeSource/work/kang_jia/kang_jia/android/EBOLIB2ND/Line/build.gradle", "Groovy", 0, 24, 0, 0, 0, 0, 0, 0, 0, 0, 0, 0, 0, 0, 11, 35
"/Users/lvwang2002/Desktop/CodeSource/work/kang_jia/kang_jia/android/EBOLIB2ND/Line/src/main/AndroidManifest.xml", "XML", 0, 0, 0, 0, 2, 0, 0, 0, 0, 0, 0, 0, 0, 0, 1, 3
"/Users/lvwang2002/Desktop/CodeSource/work/kang_jia/kang_jia/android/EBOLIB2ND/Line/src/main/res/values/strings.xml", "XML", 0, 0, 0, 0, 3, 0, 0, 0, 0, 0, 0, 0, 0, 0, 1, 4
"/Users/lvwang2002/Desktop/CodeSource/work/kang_jia/kang_jia/android/EBOLIB2ND/LineLib/build.gradle", "Groovy", 0, 25, 0, 0, 0, 0, 0, 0, 0, 0, 0, 0, 0, 0, 11, 36
"/Users/lvwang2002/Desktop/CodeSource/work/kang_jia/kang_jia/android/EBOLIB2ND/LineLib/src/main/AndroidManifest.xml", "XML", 0, 0, 0, 0, 8, 0, 0, 0, 0, 0, 0, 0, 0, 0, 2, 10
"/Users/lvwang2002/Desktop/CodeSource/work/kang_jia/kang_jia/android/EBOLIB2ND/LineLib/src/main/res/values/colors.xml", "XML", 0, 0, 0, 0, 6, 0, 0, 0, 0, 0, 0, 0, 0, 0, 1, 7
"/Users/lvwang2002/Desktop/CodeSource/work/kang_jia/kang_jia/android/EBOLIB2ND/LineLib/src/main/res/values/strings.xml", "XML", 0, 0, 0, 0, 3, 0, 0, 0, 0, 0, 0, 0, 0, 0, 1, 4
"/Users/lvwang2002/Desktop/CodeSource/work/kang_jia/kang_jia/android/EBOLIB2ND/LineLib/src/main/res/values/styles.xml", "XML", 0, 0, 0, 0, 7, 0, 0, 0, 0, 0, 0, 0, 0, 2, 3, 12
"/Users/lvwang2002/Desktop/CodeSource/work/kang_jia/kang_jia/android/EBOLIB2ND/MediaLib/build.gradle", "Groovy", 0, 27, 0, 0, 0, 0, 0, 0, 0, 0, 0, 0, 0, 1, 10, 38
"/Users/lvwang2002/Desktop/CodeSource/work/kang_jia/kang_jia/android/EBOLIB2ND/MediaLib/src/main/AndroidManifest.xml", "XML", 0, 0, 0, 0, 8, 0, 0, 0, 0, 0, 0, 0, 0, 4, 2, 14
"/Users/lvwang2002/Desktop/CodeSource/work/kang_jia/kang_jia/android/EBOLIB2ND/MediaLib/src/main/java/com/ebo/medialib/cameracap/RecordStreamingView.java", "Java", 0, 0, 0, 0, 0, 72, 0, 0, 0, 0, 0, 0, 0, 4, 25, 101
"/Users/lvwang2002/Desktop/CodeSource/work/kang_jia/kang_jia/android/EBOLIB2ND/MediaLib/src/main/java/com/ebo/medialib/crop/CropActivity.java", "Java", 0, 0, 0, 0, 0, 8, 0, 0, 0, 0, 0, 0, 0, 186, 7, 201
"/Users/lvwang2002/Desktop/CodeSource/work/kang_jia/kang_jia/android/EBOLIB2ND/MediaLib/src/main/java/com/ebo/medialib/crop/CropOption.java", "Java", 0, 0, 0, 0, 0, 8, 0, 0, 0, 0, 0, 0, 0, 6, 2, 16
"/Users/lvwang2002/Desktop/CodeSource/work/kang_jia/kang_jia/android/EBOLIB2ND/MediaLib/src/main/java/com/ebo/medialib/crop/CropOptionAdapter.java", "Java", 0, 0, 0, 0, 0, 1, 0, 0, 0, 0, 0, 0, 0, 24, 2, 27
"/Users/lvwang2002/Desktop/CodeSource/work/kang_jia/kang_jia/android/EBOLIB2ND/MediaLib/src/main/java/com/ebo/medialib/crop/ImagePicker.java", "Java", 0, 0, 0, 0, 0, 247, 0, 0, 0, 0, 0, 0, 0, 10, 58, 315
"/Users/lvwang2002/Desktop/CodeSource/work/kang_jia/kang_jia/android/EBOLIB2ND/MediaLib/src/main/java/com/ebo/medialib/qrcode/QrcodeActivity.java", "Java", 0, 0, 0, 0, 0, 61, 0, 0, 0, 0, 0, 0, 0, 4, 15, 80
"/Users/lvwang2002/Desktop/CodeSource/work/kang_jia/kang_jia/android/EBOLIB2ND/MediaLib/src/main/java/com/ebo/medialib/qrcode/google/zxing/activity/CaptureActivity.java", "Java", 0, 0, 0, 0, 0, 275, 0, 0, 0, 0, 0, 0, 0, 29, 36, 340
"/Users/lvwang2002/Desktop/CodeSource/work/kang_jia/kang_jia/android/EBOLIB2ND/MediaLib/src/main/java/com/ebo/medialib/qrcode/google/zxing/camera/AutoFocusCallback.java", "Java", 0, 0, 0, 0, 0, 24, 0, 0, 0, 0, 0, 0, 0, 15, 10, 49
"/Users/lvwang2002/Desktop/CodeSource/work/kang_jia/kang_jia/android/EBOLIB2ND/MediaLib/src/main/java/com/ebo/medialib/qrcode/google/zxing/camera/CameraConfigurationManager.java", "Java", 0, 0, 0, 0, 0, 194, 0, 0, 0, 0, 0, 0, 0, 41, 44, 279
"/Users/lvwang2002/Desktop/CodeSource/work/kang_jia/kang_jia/android/EBOLIB2ND/MediaLib/src/main/java/com/ebo/medialib/qrcode/google/zxing/camera/CameraManager.java", "Java", 0, 0, 0, 0, 0, 161, 0, 0, 0, 0, 0, 0, 0, 156, 32, 349
"/Users/lvwang2002/Desktop/CodeSource/work/kang_jia/kang_jia/android/EBOLIB2ND/MediaLib/src/main/java/com/ebo/medialib/qrcode/google/zxing/camera/FlashlightManager.java", "Java", 0, 0, 0, 0, 0, 96, 0, 0, 0, 0, 0, 0, 0, 30, 24, 150
"/Users/lvwang2002/Desktop/CodeSource/work/kang_jia/kang_jia/android/EBOLIB2ND/MediaLib/src/main/java/com/ebo/medialib/qrcode/google/zxing/camera/PlanarYUVLuminanceSource.java", "Java", 0, 0, 0, 0, 0, 84, 0, 0, 0, 0, 0, 0, 0, 29, 20, 133
"/Users/lvwang2002/Desktop/CodeSource/work/kang_jia/kang_jia/android/EBOLIB2ND/MediaLib/src/main/java/com/ebo/medialib/qrcode/google/zxing/camera/PreviewCallback.java", "Java", 0, 0, 0, 0, 0, 35, 0, 0, 0, 0, 0, 0, 0, 15, 10, 60
"/Users/lvwang2002/Desktop/CodeSource/work/kang_jia/kang_jia/android/EBOLIB2ND/MediaLib/src/main/java/com/ebo/medialib/qrcode/google/zxing/decoding/CaptureActivityHandler.java", "Java", 0, 0, 0, 0, 0, 88, 0, 0, 0, 0, 0, 0, 0, 25, 25, 138
"/Users/lvwang2002/Desktop/CodeSource/work/kang_jia/kang_jia/android/EBOLIB2ND/MediaLib/src/main/java/com/ebo/medialib/qrcode/google/zxing/decoding/DecodeFormatManager.java", "Java", 0, 0, 0, 0, 0, 77, 0, 0, 0, 0, 0, 0, 0, 16, 13, 106
"/Users/lvwang2002/Desktop/CodeSource/work/kang_jia/kang_jia/android/EBOLIB2ND/MediaLib/src/main/java/com/ebo/medialib/qrcode/google/zxing/decoding/DecodeHandler.java", "Java", 0, 0, 0, 0, 0, 67, 0, 0, 0, 0, 0, 0, 0, 26, 19, 112
"/Users/lvwang2002/Desktop/CodeSource/work/kang_jia/kang_jia/android/EBOLIB2ND/MediaLib/src/main/java/com/ebo/medialib/qrcode/google/zxing/decoding/DecodeThread.java", "Java", 0, 0, 0, 0, 0, 50, 0, 0, 0, 0, 0, 0, 0, 20, 18, 88
"/Users/lvwang2002/Desktop/CodeSource/work/kang_jia/kang_jia/android/EBOLIB2ND/MediaLib/src/main/java/com/ebo/medialib/qrcode/google/zxing/decoding/FinishListener.java", "Java", 0, 0, 0, 0, 0, 19, 0, 0, 0, 0, 0, 0, 0, 18, 10, 47
"/Users/lvwang2002/Desktop/CodeSource/work/kang_jia/kang_jia/android/EBOLIB2ND/MediaLib/src/main/java/com/ebo/medialib/qrcode/google/zxing/decoding/InactivityTimer.java", "Java", 0, 0, 0, 0, 0, 41, 0, 0, 0, 0, 0, 0, 0, 18, 13, 72
"/Users/lvwang2002/Desktop/CodeSource/work/kang_jia/kang_jia/android/EBOLIB2ND/MediaLib/src/main/java/com/ebo/medialib/qrcode/google/zxing/decoding/Intents.java", "Java", 0, 0, 0, 0, 0, 48, 0, 0, 0, 0, 0, 0, 0, 111, 32, 191
"/Users/lvwang2002/Desktop/CodeSource/work/kang_jia/kang_jia/android/EBOLIB2ND/MediaLib/src/main/java/com/ebo/medialib/qrcode/google/zxing/decoding/RGBLuminanceSource.java", "Java", 0, 0, 0, 0, 0, 56, 0, 0, 0, 0, 0, 0, 0, 28, 17, 101
"/Users/lvwang2002/Desktop/CodeSource/work/kang_jia/kang_jia/android/EBOLIB2ND/MediaLib/src/main/java/com/ebo/medialib/qrcode/google/zxing/encoding/EncodingHandler.java", "Java", 0, 0, 0, 0, 0, 99, 0, 0, 0, 0, 0, 0, 0, 24, 9, 132
"/Users/lvwang2002/Desktop/CodeSource/work/kang_jia/kang_jia/android/EBOLIB2ND/MediaLib/src/main/java/com/ebo/medialib/qrcode/google/zxing/view/ViewfinderResultPointCallback.java", "Java", 0, 0, 0, 0, 0, 12, 0, 0, 0, 0, 0, 0, 0, 15, 7, 34
"/Users/lvwang2002/Desktop/CodeSource/work/kang_jia/kang_jia/android/EBOLIB2ND/MediaLib/src/main/java/com/ebo/medialib/qrcode/google/zxing/view/ViewfinderView.java", "Java", 0, 0, 0, 0, 0, 185, 0, 0, 0, 0, 0, 0, 0, 64, 35, 284
"/Users/lvwang2002/Desktop/CodeSource/work/kang_jia/kang_jia/android/EBOLIB2ND/MediaLib/src/main/java/com/ebo/medialib/qrcode/util/Constant.java", "Java", 0, 0, 0, 0, 0, 6, 0, 0, 0, 0, 0, 0, 0, 4, 3, 13
"/Users/lvwang2002/Desktop/CodeSource/work/kang_jia/kang_jia/android/EBOLIB2ND/MediaLib/src/main/java/com/ebo/medialib/utils/CameraUtils.java", "Java", 0, 0, 0, 0, 0, 46, 0, 0, 0, 0, 0, 0, 0, 20, 14, 80
"/Users/lvwang2002/Desktop/CodeSource/work/kang_jia/kang_jia/android/EBOLIB2ND/MediaLib/src/main/res/layout/activity_popu.xml", "XML", 0, 0, 0, 0, 54, 0, 0, 0, 0, 0, 0, 0, 0, 0, 10, 64
"/Users/lvwang2002/Desktop/CodeSource/work/kang_jia/kang_jia/android/EBOLIB2ND/MediaLib/src/main/res/layout/activity_qrcode.xml", "XML", 0, 0, 0, 0, 36, 0, 0, 0, 0, 0, 0, 0, 0, 1, 7, 44
"/Users/lvwang2002/Desktop/CodeSource/work/kang_jia/kang_jia/android/EBOLIB2ND/MediaLib/src/main/res/layout/activity_scanner.xml", "XML", 0, 0, 0, 0, 50, 0, 0, 0, 0, 0, 0, 0, 0, 1, 7, 58
"/Users/lvwang2002/Desktop/CodeSource/work/kang_jia/kang_jia/android/EBOLIB2ND/MediaLib/src/main/res/layout/btn_close.xml", "XML", 0, 0, 0, 0, 17, 0, 0, 0, 0, 0, 0, 0, 0, 0, 4, 21
"/Users/lvwang2002/Desktop/CodeSource/work/kang_jia/kang_jia/android/EBOLIB2ND/MediaLib/src/main/res/values-en/strings.xml", "XML", 0, 0, 0, 0, 7, 0, 0, 0, 0, 0, 0, 0, 0, 0, 2, 9
"/Users/lvwang2002/Desktop/CodeSource/work/kang_jia/kang_jia/android/EBOLIB2ND/MediaLib/src/main/res/values-zh-rTW/strings.xml", "XML", 0, 0, 0, 0, 7, 0, 0, 0, 0, 0, 0, 0, 0, 0, 4, 11
"/Users/lvwang2002/Desktop/CodeSource/work/kang_jia/kang_jia/android/EBOLIB2ND/MediaLib/src/main/res/values/colors.xml", "XML", 0, 0, 0, 0, 12, 0, 0, 0, 0, 0, 0, 0, 0, 0, 1, 13
"/Users/lvwang2002/Desktop/CodeSource/work/kang_jia/kang_jia/android/EBOLIB2ND/MediaLib/src/main/res/values/ids.xml", "XML", 0, 0, 0, 0, 15, 0, 0, 0, 0, 0, 0, 0, 0, 1, 4, 20
"/Users/lvwang2002/Desktop/CodeSource/work/kang_jia/kang_jia/android/EBOLIB2ND/MediaLib/src/main/res/values/strings.xml", "XML", 0, 0, 0, 0, 6, 0, 0, 0, 0, 0, 0, 0, 0, 0, 5, 11
"/Users/lvwang2002/Desktop/CodeSource/work/kang_jia/kang_jia/android/EBOLIB2ND/MediaLib/src/main/res/values/styles.xml", "XML", 0, 0, 0, 0, 14, 0, 0, 0, 0, 0, 0, 0, 0, 0, 0, 14
"/Users/lvwang2002/Desktop/CodeSource/work/kang_jia/kang_jia/android/EBOLIB2ND/NetLib/build.gradle", "Groovy", 0, 26, 0, 0, 0, 0, 0, 0, 0, 0, 0, 0, 0, 2, 10, 38
"/Users/lvwang2002/Desktop/CodeSource/work/kang_jia/kang_jia/android/EBOLIB2ND/NetLib/src/main/AndroidManifest.xml", "XML", 0, 0, 0, 0, 2, 0, 0, 0, 0, 0, 0, 0, 0, 0, 1, 3
"/Users/lvwang2002/Desktop/CodeSource/work/kang_jia/kang_jia/android/EBOLIB2ND/NetLib/src/main/java/com/ebo/netlib/websocket/EBOWS.java", "Java", 0, 0, 0, 0, 0, 116, 0, 0, 0, 0, 0, 0, 0, 3, 40, 159
"/Users/lvwang2002/Desktop/CodeSource/work/kang_jia/kang_jia/android/EBOLIB2ND/NetLib/src/main/java/com/ebo/netlib/websocket/WSMessageEvent.java", "Java", 0, 0, 0, 0, 0, 7, 0, 0, 0, 0, 0, 0, 0, 3, 5, 15
"/Users/lvwang2002/Desktop/CodeSource/work/kang_jia/kang_jia/android/EBOLIB2ND/NetLib/src/main/java/com/ebo/netlib/websocket/WSOpenEvent.java", "Java", 0, 0, 0, 0, 0, 5, 0, 0, 0, 0, 0, 0, 0, 3, 6, 14
"/Users/lvwang2002/Desktop/CodeSource/work/kang_jia/kang_jia/android/EBOLIB2ND/NetLib/src/main/java/com/ebo/netlib/websocket/WSRetryEvent.java", "Java", 0, 0, 0, 0, 0, 5, 0, 0, 0, 0, 0, 0, 0, 3, 4, 12
"/Users/lvwang2002/Desktop/CodeSource/work/kang_jia/kang_jia/android/EBOLIB2ND/NetLib/src/main/java/com/ebo/netlib/websocket/WebSocketService.java", "Java", 0, 0, 0, 0, 0, 81, 0, 0, 0, 0, 0, 0, 0, 18, 36, 135
"/Users/lvwang2002/Desktop/CodeSource/work/kang_jia/kang_jia/android/EBOLIB2ND/NetLib/src/main/res/values/strings.xml", "XML", 0, 0, 0, 0, 3, 0, 0, 0, 0, 0, 0, 0, 0, 0, 1, 4
"/Users/lvwang2002/Desktop/CodeSource/work/kang_jia/kang_jia/android/EBOLIB2ND/PayLib/build.gradle", "Groovy", 0, 26, 0, 0, 0, 0, 0, 0, 0, 0, 0, 0, 0, 1, 11, 38
"/Users/lvwang2002/Desktop/CodeSource/work/kang_jia/kang_jia/android/EBOLIB2ND/PayLib/src/main/AndroidManifest.xml", "XML", 0, 0, 0, 0, 2, 0, 0, 0, 0, 0, 0, 0, 0, 0, 1, 3
"/Users/lvwang2002/Desktop/CodeSource/work/kang_jia/kang_jia/android/EBOLIB2ND/PayLib/src/main/java/com/ebolib/pay/PayActivity.java", "Java", 0, 0, 0, 0, 0, 4, 0, 0, 0, 0, 0, 0, 0, 1, 4, 9
"/Users/lvwang2002/Desktop/CodeSource/work/kang_jia/kang_jia/android/EBOLIB2ND/PayLib/src/main/java/com/ebolib/pay/alipay/PayResult.java", "Java", 0, 0, 0, 0, 0, 35, 0, 0, 0, 0, 0, 0, 0, 9, 12, 56
"/Users/lvwang2002/Desktop/CodeSource/work/kang_jia/kang_jia/android/EBOLIB2ND/PayLib/src/main/res/values/strings.xml", "XML", 0, 0, 0, 0, 3, 0, 0, 0, 0, 0, 0, 0, 0, 0, 1, 4
"/Users/lvwang2002/Desktop/CodeSource/work/kang_jia/kang_jia/android/EBOLIB2ND/README.md", "Markdown", 0, 0, 0, 0, 0, 0, 27, 0, 0, 0, 0, 0, 0, 0, 12, 39
"/Users/lvwang2002/Desktop/CodeSource/work/kang_jia/kang_jia/android/EBOLIB2ND/SysLib/build.gradle", "Groovy", 0, 25, 0, 0, 0, 0, 0, 0, 0, 0, 0, 0, 0, 0, 11, 36
"/Users/lvwang2002/Desktop/CodeSource/work/kang_jia/kang_jia/android/EBOLIB2ND/SysLib/src/main/AndroidManifest.xml", "XML", 0, 0, 0, 0, 2, 0, 0, 0, 0, 0, 0, 0, 0, 0, 1, 3
"/Users/lvwang2002/Desktop/CodeSource/work/kang_jia/kang_jia/android/EBOLIB2ND/SysLib/src/main/java/com/ebo/syslib/RAMCleanActivity.java", "Java", 0, 0, 0, 0, 0, 10, 0, 0, 0, 0, 0, 0, 0, 139, 5, 154
"/Users/lvwang2002/Desktop/CodeSource/work/kang_jia/kang_jia/android/EBOLIB2ND/SysLib/src/main/java/com/ebo/syslib/WalletGuarder.java", "Java", 0, 0, 0, 0, 0, 28, 0, 0, 0, 0, 0, 0, 0, 3, 21, 52
"/Users/lvwang2002/Desktop/CodeSource/work/kang_jia/kang_jia/android/EBOLIB2ND/SysLib/src/main/java/com/ebo/syslib/antiharassingcall/PhonePlugin.java", "Java", 0, 0, 0, 0, 0, 12, 0, 0, 0, 0, 0, 0, 0, 3, 9, 24
"/Users/lvwang2002/Desktop/CodeSource/work/kang_jia/kang_jia/android/EBOLIB2ND/SysLib/src/main/java/com/ebo/syslib/antivirus/VirusPlugin.java", "Java", 0, 0, 0, 0, 0, 12, 0, 0, 0, 0, 0, 0, 0, 3, 8, 23
"/Users/lvwang2002/Desktop/CodeSource/work/kang_jia/kang_jia/android/EBOLIB2ND/SysLib/src/main/java/com/ebo/syslib/cleanmemory/CleanRAMContract.java", "Java", 0, 0, 0, 0, 0, 2, 0, 0, 0, 0, 0, 0, 0, 31, 5, 38
"/Users/lvwang2002/Desktop/CodeSource/work/kang_jia/kang_jia/android/EBOLIB2ND/SysLib/src/main/java/com/ebo/syslib/cleanmemory/CleanRAMPresenter.java", "Java", 0, 0, 0, 0, 0, 8, 0, 0, 0, 0, 0, 0, 0, 96, 7, 111
"/Users/lvwang2002/Desktop/CodeSource/work/kang_jia/kang_jia/android/EBOLIB2ND/SysLib/src/main/java/com/ebo/syslib/cleanmemory/CleanRAMService.java", "Java", 0, 0, 0, 0, 0, 20, 0, 0, 0, 0, 0, 0, 0, 313, 10, 343
"/Users/lvwang2002/Desktop/CodeSource/work/kang_jia/kang_jia/android/EBOLIB2ND/SysLib/src/main/java/com/ebo/syslib/cleanrubbish/CleanerService.java", "Java", 0, 0, 0, 0, 0, 21, 0, 0, 0, 0, 0, 0, 0, 329, 6, 356
"/Users/lvwang2002/Desktop/CodeSource/work/kang_jia/kang_jia/android/EBOLIB2ND/SysLib/src/main/java/com/ebo/syslib/core/BasePlugin.java", "Java", 0, 0, 0, 0, 0, 10, 0, 0, 0, 0, 0, 0, 0, 3, 14, 27
"/Users/lvwang2002/Desktop/CodeSource/work/kang_jia/kang_jia/android/EBOLIB2ND/SysLib/src/main/java/com/ebo/syslib/core/BasePresenter.java", "Java", 0, 0, 0, 0, 0, 4, 0, 0, 0, 0, 0, 0, 0, 15, 5, 24
"/Users/lvwang2002/Desktop/CodeSource/work/kang_jia/kang_jia/android/EBOLIB2ND/SysLib/src/main/java/com/ebo/syslib/core/BaseView.java", "Java", 0, 0, 0, 0, 0, 4, 0, 0, 0, 0, 0, 0, 0, 15, 5, 24
"/Users/lvwang2002/Desktop/CodeSource/work/kang_jia/kang_jia/android/EBOLIB2ND/SysLib/src/main/java/com/ebo/syslib/data/model/AppInfo.java", "Java", 0, 0, 0, 0, 0, 60, 0, 0, 0, 0, 0, 0, 0, 3, 31, 94
"/Users/lvwang2002/Desktop/CodeSource/work/kang_jia/kang_jia/android/EBOLIB2ND/SysLib/src/main/java/com/ebo/syslib/data/model/AppProcessInfo.java", "Java", 0, 0, 0, 0, 0, 39, 0, 0, 0, 0, 0, 0, 0, 43, 20, 102
"/Users/lvwang2002/Desktop/CodeSource/work/kang_jia/kang_jia/android/EBOLIB2ND/SysLib/src/main/java/com/ebo/syslib/data/model/AutoStartInfo.java", "Java", 0, 0, 0, 0, 0, 60, 0, 0, 0, 0, 0, 0, 0, 22, 35, 117
"/Users/lvwang2002/Desktop/CodeSource/work/kang_jia/kang_jia/android/EBOLIB2ND/SysLib/src/main/java/com/ebo/syslib/data/model/CacheListItem.java", "Java", 0, 0, 0, 0, 0, 25, 0, 0, 0, 0, 0, 0, 0, 0, 14, 39
"/Users/lvwang2002/Desktop/CodeSource/work/kang_jia/kang_jia/android/EBOLIB2ND/SysLib/src/main/java/com/ebo/syslib/data/model/Ignore.java", "Java", 0, 0, 0, 0, 0, 3, 0, 0, 0, 0, 0, 0, 0, 87, 5, 95
"/Users/lvwang2002/Desktop/CodeSource/work/kang_jia/kang_jia/android/EBOLIB2ND/SysLib/src/main/java/com/ebo/syslib/data/model/Menu.java", "Java", 0, 0, 0, 0, 0, 52, 0, 0, 0, 0, 0, 0, 0, 3, 24, 79
"/Users/lvwang2002/Desktop/CodeSource/work/kang_jia/kang_jia/android/EBOLIB2ND/SysLib/src/main/java/com/ebo/syslib/data/model/ProcessInfo.java", "Java", 0, 0, 0, 0, 0, 18, 0, 0, 0, 0, 0, 0, 0, 49, 14, 81
"/Users/lvwang2002/Desktop/CodeSource/work/kang_jia/kang_jia/android/EBOLIB2ND/SysLib/src/main/java/com/ebo/syslib/tools/SafeUtils.java", "Java", 0, 0, 0, 0, 0, 46, 0, 0, 0, 0, 0, 0, 0, 15, 10, 71
"/Users/lvwang2002/Desktop/CodeSource/work/kang_jia/kang_jia/android/EBOLIB2ND/SysLib/src/main/res/values/strings.xml", "XML", 0, 0, 0, 0, 3, 0, 0, 0, 0, 0, 0, 0, 0, 0, 1, 4
"/Users/lvwang2002/Desktop/CodeSource/work/kang_jia/kang_jia/android/EBOLIB2ND/WidgetLib/build.gradle", "Groovy", 0, 25, 0, 0, 0, 0, 0, 0, 0, 0, 0, 0, 0, 0, 11, 36
"/Users/lvwang2002/Desktop/CodeSource/work/kang_jia/kang_jia/android/EBOLIB2ND/WidgetLib/src/androidTest/java/com/e222bolib/widgetlib/ExampleInstrumentedTest.java", "Java", 0, 0, 0, 0, 0, 15, 0, 0, 0, 0, 0, 0, 0, 6, 6, 27
"/Users/lvwang2002/Desktop/CodeSource/work/kang_jia/kang_jia/android/EBOLIB2ND/WidgetLib/src/main/AndroidManifest.xml", "XML", 0, 0, 0, 0, 2, 0, 0, 0, 0, 0, 0, 0, 0, 0, 1, 3
"/Users/lvwang2002/Desktop/CodeSource/work/kang_jia/kang_jia/android/EBOLIB2ND/WidgetLib/src/main/res/values/strings.xml", "XML", 0, 0, 0, 0, 3, 0, 0, 0, 0, 0, 0, 0, 0, 0, 1, 4
"/Users/lvwang2002/Desktop/CodeSource/work/kang_jia/kang_jia/android/EBOLIB2ND/WidgetLib/src/test/java/com/e222bolib/widgetlib/ExampleUnitTest.java", "Java", 0, 0, 0, 0, 0, 9, 0, 0, 0, 0, 0, 0, 0, 5, 3, 17
"/Users/lvwang2002/Desktop/CodeSource/work/kang_jia/kang_jia/android/EBOLIB2ND/app/build.gradle", "Groovy", 0, 30, 0, 0, 0, 0, 0, 0, 0, 0, 0, 0, 0, 0, 4, 34
"/Users/lvwang2002/Desktop/CodeSource/work/kang_jia/kang_jia/android/EBOLIB2ND/app/src/androidTest/java/com/ebolib/ExampleInstrumentedTest.java", "Java", 0, 0, 0, 0, 0, 15, 0, 0, 0, 0, 0, 0, 0, 6, 6, 27
"/Users/lvwang2002/Desktop/CodeSource/work/kang_jia/kang_jia/android/EBOLIB2ND/app/src/main/AndroidManifest.xml", "XML", 0, 0, 0, 0, 19, 0, 0, 0, 0, 0, 0, 0, 0, 0, 9, 28
"/Users/lvwang2002/Desktop/CodeSource/work/kang_jia/kang_jia/android/EBOLIB2ND/app/src/main/java/com/ebolib/TestBean.java", "Java", 0, 0, 0, 0, 0, 99, 0, 0, 0, 0, 0, 0, 0, 8, 37, 144
"/Users/lvwang2002/Desktop/CodeSource/work/kang_jia/kang_jia/android/EBOLIB2ND/app/src/main/java/com/ebolib/WSActivity.java", "Java", 0, 0, 0, 0, 0, 51, 0, 0, 0, 0, 0, 0, 0, 8, 23, 82
"/Users/lvwang2002/Desktop/CodeSource/work/kang_jia/kang_jia/android/EBOLIB2ND/app/src/main/java/com/ebolib/WalletConstract.java", "Java", 0, 0, 0, 0, 0, 11, 0, 0, 0, 0, 0, 0, 0, 6, 9, 26
"/Users/lvwang2002/Desktop/CodeSource/work/kang_jia/kang_jia/android/EBOLIB2ND/app/src/main/java/com/ebolib/WalletPrenter.java", "Java", 0, 0, 0, 0, 0, 20, 0, 0, 0, 0, 0, 0, 0, 27, 12, 59
"/Users/lvwang2002/Desktop/CodeSource/work/kang_jia/kang_jia/android/EBOLIB2ND/app/src/main/java/com/ebolib/WalletTestActivity.java", "Java", 0, 0, 0, 0, 0, 33, 0, 0, 0, 0, 0, 0, 0, 3, 15, 51
"/Users/lvwang2002/Desktop/CodeSource/work/kang_jia/kang_jia/android/EBOLIB2ND/app/src/main/res/drawable-v24/ic_launcher_foreground.xml", "XML", 0, 0, 0, 0, 34, 0, 0, 0, 0, 0, 0, 0, 0, 0, 1, 35
"/Users/lvwang2002/Desktop/CodeSource/work/kang_jia/kang_jia/android/EBOLIB2ND/app/src/main/res/drawable/ic_launcher_background.xml", "XML", 0, 0, 0, 0, 170, 0, 0, 0, 0, 0, 0, 0, 0, 0, 1, 171
"/Users/lvwang2002/Desktop/CodeSource/work/kang_jia/kang_jia/android/EBOLIB2ND/app/src/main/res/layout/activity_main.xml", "XML", 0, 0, 0, 0, 64, 0, 0, 0, 0, 0, 0, 0, 0, 0, 14, 78
"/Users/lvwang2002/Desktop/CodeSource/work/kang_jia/kang_jia/android/EBOLIB2ND/app/src/main/res/layout/activity_wallet.xml", "XML", 0, 0, 0, 0, 32, 0, 0, 0, 0, 0, 0, 0, 0, 0, 13, 45
"/Users/lvwang2002/Desktop/CodeSource/work/kang_jia/kang_jia/android/EBOLIB2ND/app/src/main/res/mipmap-anydpi-v26/ic_launcher.xml", "XML", 0, 0, 0, 0, 5, 0, 0, 0, 0, 0, 0, 0, 0, 0, 0, 5
"/Users/lvwang2002/Desktop/CodeSource/work/kang_jia/kang_jia/android/EBOLIB2ND/app/src/main/res/mipmap-anydpi-v26/ic_launcher_round.xml", "XML", 0, 0, 0, 0, 5, 0, 0, 0, 0, 0, 0, 0, 0, 0, 0, 5
"/Users/lvwang2002/Desktop/CodeSource/work/kang_jia/kang_jia/android/EBOLIB2ND/app/src/main/res/values/colors.xml", "XML", 0, 0, 0, 0, 6, 0, 0, 0, 0, 0, 0, 0, 0, 0, 1, 7
"/Users/lvwang2002/Desktop/CodeSource/work/kang_jia/kang_jia/android/EBOLIB2ND/app/src/main/res/values/strings.xml", "XML", 0, 0, 0, 0, 3, 0, 0, 0, 0, 0, 0, 0, 0, 0, 1, 4
"/Users/lvwang2002/Desktop/CodeSource/work/kang_jia/kang_jia/android/EBOLIB2ND/app/src/main/res/values/styles.xml", "XML", 0, 0, 0, 0, 7, 0, 0, 0, 0, 0, 0, 0, 0, 2, 3, 12
"/Users/lvwang2002/Desktop/CodeSource/work/kang_jia/kang_jia/android/EBOLIB2ND/app/src/test/java/com/ebolib/ExampleUnitTest.java", "Java", 0, 0, 0, 0, 0, 9, 0, 0, 0, 0, 0, 0, 0, 5, 3, 17
"/Users/lvwang2002/Desktop/CodeSource/work/kang_jia/kang_jia/android/EBOLIB2ND/build.gradle", "Groovy", 0, 29, 0, 0, 0, 0, 0, 0, 0, 0, 0, 0, 0, 4, 4, 37
"/Users/lvwang2002/Desktop/CodeSource/work/kang_jia/kang_jia/android/EBOLIB2ND/gradle.properties", "Properties", 0, 0, 1, 0, 0, 0, 0, 0, 0, 0, 0, 0, 0, 12, 5, 18
"/Users/lvwang2002/Desktop/CodeSource/work/kang_jia/kang_jia/android/EBOLIB2ND/gradle/wrapper/gradle-wrapper.properties", "Properties", 0, 0, 5, 0, 0, 0, 0, 0, 0, 0, 0, 0, 0, 1, 1, 7
"/Users/lvwang2002/Desktop/CodeSource/work/kang_jia/kang_jia/android/EBOLIB2ND/gradlew.bat", "Batch", 0, 0, 0, 66, 0, 0, 0, 0, 0, 0, 0, 0, 0, 0, 25, 91
"/Users/lvwang2002/Desktop/CodeSource/work/kang_jia/kang_jia/android/EBOLIB2ND/settings.gradle", "Groovy", 0, 1, 0, 0, 0, 0, 0, 0, 0, 0, 0, 0, 0, 0, 1, 2
"/Users/lvwang2002/Desktop/CodeSource/work/kang_jia/kang_jia/android/app/build.gradle", "Groovy", 0, 110, 0, 0, 0, 0, 0, 0, 0, 0, 0, 0, 0, 101, 21, 232
"/Users/lvwang2002/Desktop/CodeSource/work/kang_jia/kang_jia/android/app/src/main/AndroidManifest.xml", "XML", 0, 0, 0, 0, 92, 0, 0, 0, 0, 0, 0, 0, 0, 18, 17, 127
"/Users/lvwang2002/Desktop/CodeSource/work/kang_jia/kang_jia/android/app/src/main/java/android_serialport_api/C_Serial.java", "Java", 0, 0, 0, 0, 0, 7, 0, 0, 0, 0, 0, 0, 0, 3, 5, 15
"/Users/lvwang2002/Desktop/CodeSource/work/kang_jia/kang_jia/android/app/src/main/java/android_serialport_api/FuncID.java", "Java", 0, 0, 0, 0, 0, 26, 0, 0, 0, 0, 0, 0, 0, 5, 8, 39
"/Users/lvwang2002/Desktop/CodeSource/work/kang_jia/kang_jia/android/app/src/main/java/android_serialport_api/ResultData.java", "Java", 0, 0, 0, 0, 0, 95, 0, 0, 0, 0, 0, 0, 0, 5, 34, 134
"/Users/lvwang2002/Desktop/CodeSource/work/kang_jia/kang_jia/android/app/src/main/java/android_serialport_api/SendData.java", "Java", 0, 0, 0, 0, 0, 41, 0, 0, 0, 0, 0, 0, 0, 7, 8, 56
"/Users/lvwang2002/Desktop/CodeSource/work/kang_jia/kang_jia/android/app/src/main/java/android_serialport_api/SerialPort.java", "Java", 0, 0, 0, 0, 0, 53, 0, 0, 0, 0, 0, 0, 0, 22, 14, 89
"/Users/lvwang2002/Desktop/CodeSource/work/kang_jia/kang_jia/android/app/src/main/java/android_serialport_api/SerialPortTools.java", "Java", 0, 0, 0, 0, 0, 332, 0, 0, 0, 0, 0, 0, 0, 66, 89, 487
"/Users/lvwang2002/Desktop/CodeSource/work/kang_jia/kang_jia/android/app/src/main/java/com/kang_jia/FindFaceManager.java", "Java", 0, 0, 0, 0, 0, 13, 0, 0, 0, 0, 0, 0, 0, 3, 12, 28
"/Users/lvwang2002/Desktop/CodeSource/work/kang_jia/kang_jia/android/app/src/main/java/com/kang_jia/MainActivity.java", "Java", 0, 0, 0, 0, 0, 19, 0, 0, 0, 0, 0, 0, 0, 6, 9, 34
"/Users/lvwang2002/Desktop/CodeSource/work/kang_jia/kang_jia/android/app/src/main/java/com/kang_jia/MainApplication.java", "Java", 0, 0, 0, 0, 0, 107, 0, 0, 0, 0, 0, 0, 0, 9, 17, 133
"/Users/lvwang2002/Desktop/CodeSource/work/kang_jia/kang_jia/android/app/src/main/java/com/kang_jia/RNConfigModule.java", "Java", 0, 0, 0, 0, 0, 135, 0, 0, 0, 0, 0, 0, 0, 6, 31, 172
"/Users/lvwang2002/Desktop/CodeSource/work/kang_jia/kang_jia/android/app/src/main/java/com/kang_jia/RNFindFaceModule.java", "Java", 0, 0, 0, 0, 0, 454, 0, 0, 0, 0, 0, 0, 0, 178, 100, 732
"/Users/lvwang2002/Desktop/CodeSource/work/kang_jia/kang_jia/android/app/src/main/java/com/kang_jia/RNLocationModule.java", "Java", 0, 0, 0, 0, 0, 144, 0, 0, 0, 0, 0, 0, 0, 63, 22, 229
"/Users/lvwang2002/Desktop/CodeSource/work/kang_jia/kang_jia/android/app/src/main/java/com/kang_jia/RNMethodModule.java", "Java", 0, 0, 0, 0, 0, 1072, 0, 0, 0, 0, 0, 0, 0, 137, 245, 1454
"/Users/lvwang2002/Desktop/CodeSource/work/kang_jia/kang_jia/android/app/src/main/java/com/kang_jia/RNMethodsReactPackage.java", "Java", 0, 0, 0, 0, 0, 33, 0, 0, 0, 0, 0, 0, 0, 5, 11, 49
"/Users/lvwang2002/Desktop/CodeSource/work/kang_jia/kang_jia/android/app/src/main/java/com/kang_jia/RNRecordModule.java", "Java", 0, 0, 0, 0, 0, 188, 0, 0, 0, 0, 0, 0, 0, 54, 62, 304
"/Users/lvwang2002/Desktop/CodeSource/work/kang_jia/kang_jia/android/app/src/main/java/com/kang_jia/RNUpdateFirmwareManager.java", "Java", 0, 0, 0, 0, 0, 213, 0, 0, 0, 0, 0, 0, 0, 53, 49, 315
"/Users/lvwang2002/Desktop/CodeSource/work/kang_jia/kang_jia/android/app/src/main/java/com/kang_jia/broadcast_receiver/AutoRunReceiver.java", "Java", 0, 0, 0, 0, 0, 26, 0, 0, 0, 0, 0, 0, 0, 11, 9, 46
"/Users/lvwang2002/Desktop/CodeSource/work/kang_jia/kang_jia/android/app/src/main/java/com/kang_jia/broadcast_receiver/YNAdminReceiver.java", "Java", 0, 0, 0, 0, 0, 4, 0, 0, 0, 0, 0, 0, 0, 3, 4, 11
"/Users/lvwang2002/Desktop/CodeSource/work/kang_jia/kang_jia/android/app/src/main/java/com/kang_jia/net/HttpConstant.java", "Java", 0, 0, 0, 0, 0, 50, 0, 0, 0, 0, 0, 0, 0, 6, 19, 75
"/Users/lvwang2002/Desktop/CodeSource/work/kang_jia/kang_jia/android/app/src/main/java/com/kang_jia/net/MQTTManager.java", "Java", 0, 0, 0, 0, 0, 283, 0, 0, 0, 0, 0, 0, 0, 61, 74, 418
"/Users/lvwang2002/Desktop/CodeSource/work/kang_jia/kang_jia/android/app/src/main/java/com/kang_jia/net/MqttListenr.java", "Java", 0, 0, 0, 0, 0, 4, 0, 0, 0, 0, 0, 0, 0, 3, 3, 10
"/Users/lvwang2002/Desktop/CodeSource/work/kang_jia/kang_jia/android/app/src/main/java/com/kang_jia/rn_ftp_module/FTPFileManager.java", "Java", 0, 0, 0, 0, 0, 131, 0, 0, 0, 0, 0, 0, 0, 17, 33, 181
"/Users/lvwang2002/Desktop/CodeSource/work/kang_jia/kang_jia/android/app/src/main/java/com/kang_jia/rn_ftp_module/FTPFileManagerInterface.java", "Java", 0, 0, 0, 0, 0, 8, 0, 0, 0, 0, 0, 0, 0, 0, 2, 10
"/Users/lvwang2002/Desktop/CodeSource/work/kang_jia/kang_jia/android/app/src/main/java/com/kang_jia/rn_ftp_module/RNFTPUploadModule.java", "Java", 0, 0, 0, 0, 0, 131, 0, 0, 0, 0, 0, 0, 0, 33, 26, 190
"/Users/lvwang2002/Desktop/CodeSource/work/kang_jia/kang_jia/android/app/src/main/java/com/kang_jia/service/AutoRunService.java", "Java", 0, 0, 0, 0, 0, 18, 0, 0, 0, 0, 0, 0, 0, 3, 8, 29
"/Users/lvwang2002/Desktop/CodeSource/work/kang_jia/kang_jia/android/app/src/main/java/com/kang_jia/service/killSelfService.java", "Java", 0, 0, 0, 0, 0, 31, 0, 0, 0, 0, 0, 0, 0, 6, 12, 49
"/Users/lvwang2002/Desktop/CodeSource/work/kang_jia/kang_jia/android/app/src/main/java/com/kang_jia/utils/ByteUtil.java", "Java", 0, 0, 0, 0, 0, 172, 0, 0, 0, 0, 0, 0, 0, 130, 15, 317
"/Users/lvwang2002/Desktop/CodeSource/work/kang_jia/kang_jia/android/app/src/main/java/com/kang_jia/utils/Complex.java", "Java", 0, 0, 0, 0, 0, 71, 0, 0, 0, 0, 0, 0, 0, 62, 27, 160
"/Users/lvwang2002/Desktop/CodeSource/work/kang_jia/kang_jia/android/app/src/main/java/com/kang_jia/utils/DeviceUpDateManager.java", "Java", 0, 0, 0, 0, 0, 10, 0, 0, 0, 0, 0, 0, 0, 206, 7, 223
"/Users/lvwang2002/Desktop/CodeSource/work/kang_jia/kang_jia/android/app/src/main/java/com/kang_jia/utils/DigitalTrans.java", "Java", 0, 0, 0, 0, 0, 213, 0, 0, 0, 0, 0, 0, 0, 118, 29, 360
"/Users/lvwang2002/Desktop/CodeSource/work/kang_jia/kang_jia/android/app/src/main/java/com/kang_jia/utils/FFT.java", "Java", 0, 0, 0, 0, 0, 87, 0, 0, 0, 0, 0, 0, 0, 87, 34, 208
"/Users/lvwang2002/Desktop/CodeSource/work/kang_jia/kang_jia/android/app/src/main/java/com/kang_jia/utils/HexUtils.java", "Java", 0, 0, 0, 0, 0, 74, 0, 0, 0, 0, 0, 0, 0, 12, 19, 105
"/Users/lvwang2002/Desktop/CodeSource/work/kang_jia/kang_jia/android/app/src/main/java/com/kang_jia/utils/LedUtil.java", "Java", 0, 0, 0, 0, 0, 41, 0, 0, 0, 0, 0, 0, 0, 9, 12, 62
"/Users/lvwang2002/Desktop/CodeSource/work/kang_jia/kang_jia/android/app/src/main/java/com/kang_jia/utils/NetUtils.java", "Java", 0, 0, 0, 0, 0, 217, 0, 0, 0, 0, 0, 0, 0, 89, 21, 327
"/Users/lvwang2002/Desktop/CodeSource/work/kang_jia/kang_jia/android/app/src/main/java/com/kang_jia/utils/PdfPrintDocumentAdapter.java", "Java", 0, 0, 0, 0, 0, 77, 0, 0, 0, 0, 0, 0, 0, 11, 21, 109
"/Users/lvwang2002/Desktop/CodeSource/work/kang_jia/kang_jia/android/app/src/main/java/com/kang_jia/utils/RNLog.java", "Java", 0, 0, 0, 0, 0, 55, 0, 0, 0, 0, 0, 0, 0, 13, 12, 80
"/Users/lvwang2002/Desktop/CodeSource/work/kang_jia/kang_jia/android/app/src/main/java/com/kang_jia/utils/RestartTool.java", "Java", 0, 0, 0, 0, 0, 27, 0, 0, 0, 0, 0, 0, 0, 22, 10, 59
"/Users/lvwang2002/Desktop/CodeSource/work/kang_jia/kang_jia/android/app/src/main/java/com/kang_jia/utils/SoundPoolUtil.java", "Java", 0, 0, 0, 0, 0, 220, 0, 0, 0, 0, 0, 0, 0, 247, 45, 512
"/Users/lvwang2002/Desktop/CodeSource/work/kang_jia/kang_jia/android/app/src/main/java/com/kang_jia/utils/SoundUtil.java", "Java", 0, 0, 0, 0, 0, 222, 0, 0, 0, 0, 0, 0, 0, 7, 34, 263
"/Users/lvwang2002/Desktop/CodeSource/work/kang_jia/kang_jia/android/app/src/main/java/com/kang_jia/utils/URLs.java", "Java", 0, 0, 0, 0, 0, 14, 0, 0, 0, 0, 0, 0, 0, 4, 10, 28
"/Users/lvwang2002/Desktop/CodeSource/work/kang_jia/kang_jia/android/app/src/main/java/com/kang_jia/utils/Utils.java", "Java", 0, 0, 0, 0, 0, 83, 0, 0, 0, 0, 0, 0, 0, 37, 16, 136
"/Users/lvwang2002/Desktop/CodeSource/work/kang_jia/kang_jia/android/app/src/main/java/com/kang_jia/utils/Wake_Lock.java", "Java", 0, 0, 0, 0, 0, 45, 0, 0, 0, 0, 0, 0, 0, 17, 47, 109
"/Users/lvwang2002/Desktop/CodeSource/work/kang_jia/kang_jia/android/app/src/main/java/com/kang_jia/utils/YNAdminReceiver.java", "Java", 0, 0, 0, 0, 0, 4, 0, 0, 0, 0, 0, 0, 0, 3, 4, 11
"/Users/lvwang2002/Desktop/CodeSource/work/kang_jia/kang_jia/android/app/src/main/java/com/kang_jia/utils/killSelfService.java", "Java", 0, 0, 0, 0, 0, 31, 0, 0, 0, 0, 0, 0, 0, 6, 12, 49
"/Users/lvwang2002/Desktop/CodeSource/work/kang_jia/kang_jia/android/app/src/main/jni/Android.mk", "Makefile", 0, 0, 0, 0, 0, 0, 0, 0, 0, 8, 0, 0, 0, 15, 4, 27
"/Users/lvwang2002/Desktop/CodeSource/work/kang_jia/kang_jia/android/app/src/main/jni/Application.mk", "Makefile", 0, 0, 0, 0, 0, 0, 0, 0, 0, 1, 0, 0, 0, 0, 1, 2
"/Users/lvwang2002/Desktop/CodeSource/work/kang_jia/kang_jia/android/app/src/main/jni/SerialPort.c", "C", 0, 0, 0, 0, 0, 0, 0, 0, 116, 0, 0, 0, 0, 34, 18, 168
"/Users/lvwang2002/Desktop/CodeSource/work/kang_jia/kang_jia/android/app/src/main/jni/SerialPort.h", "C++", 0, 0, 0, 0, 0, 0, 0, 0, 0, 0, 14, 0, 0, 12, 4, 30
"/Users/lvwang2002/Desktop/CodeSource/work/kang_jia/kang_jia/android/app/src/main/jni/gen_SerialPort_h.sh", "Shell Script", 0, 0, 0, 0, 0, 0, 0, 1, 0, 0, 0, 0, 0, 1, 2, 4
"/Users/lvwang2002/Desktop/CodeSource/work/kang_jia/kang_jia/android/app/src/main/res/values/colors.xml", "XML", 0, 0, 0, 0, 4, 0, 0, 0, 0, 0, 0, 0, 0, 0, 1, 5
"/Users/lvwang2002/Desktop/CodeSource/work/kang_jia/kang_jia/android/app/src/main/res/values/strings.xml", "XML", 0, 0, 0, 0, 3, 0, 0, 0, 0, 0, 0, 0, 0, 0, 1, 4
"/Users/lvwang2002/Desktop/CodeSource/work/kang_jia/kang_jia/android/app/src/main/res/values/styles.xml", "XML", 0, 0, 0, 0, 7, 0, 0, 0, 0, 0, 0, 0, 0, 2, 3, 12
"/Users/lvwang2002/Desktop/CodeSource/work/kang_jia/kang_jia/android/app/src/main/res/xml/device_admin.xml", "XML", 0, 0, 0, 0, 6, 0, 0, 0, 0, 0, 0, 0, 0, 0, 3, 9
"/Users/lvwang2002/Desktop/CodeSource/work/kang_jia/kang_jia/android/app/src/main/res/xml/file_paths.xml", "XML", 0, 0, 0, 0, 12, 0, 0, 0, 0, 0, 0, 0, 0, 0, 1, 13
"/Users/lvwang2002/Desktop/CodeSource/work/kang_jia/kang_jia/android/build.gradle", "Groovy", 0, 38, 0, 0, 0, 0, 0, 0, 0, 0, 0, 0, 0, 5, 7, 50
"/Users/lvwang2002/Desktop/CodeSource/work/kang_jia/kang_jia/android/gradle.properties", "Properties", 0, 0, 3, 0, 0, 0, 0, 0, 0, 0, 0, 0, 0, 13, 5, 21
"/Users/lvwang2002/Desktop/CodeSource/work/kang_jia/kang_jia/android/gradle/wrapper/gradle-wrapper.properties", "Properties", 0, 0, 5, 0, 0, 0, 0, 0, 0, 0, 0, 0, 0, 1, 1, 7
"/Users/lvwang2002/Desktop/CodeSource/work/kang_jia/kang_jia/android/gradlew.bat", "Batch", 0, 0, 0, 66, 0, 0, 0, 0, 0, 0, 0, 0, 0, 0, 25, 91
"/Users/lvwang2002/Desktop/CodeSource/work/kang_jia/kang_jia/android/keystores/debug.keystore.properties", "Properties", 0, 0, 4, 0, 0, 0, 0, 0, 0, 0, 0, 0, 0, 0, 1, 5
"/Users/lvwang2002/Desktop/CodeSource/work/kang_jia/kang_jia/android/settings.gradle", "Groovy", 0, 31, 0, 0, 0, 0, 0, 0, 0, 0, 0, 0, 0, 1, 1, 33
"/Users/lvwang2002/Desktop/CodeSource/work/kang_jia/kang_jia/app.json", "JSON", 0, 0, 0, 0, 0, 0, 0, 0, 0, 0, 0, 4, 0, 0, 0, 4
"/Users/lvwang2002/Desktop/CodeSource/work/kang_jia/kang_jia/index.js", "JavaScript", 3, 0, 0, 0, 0, 0, 0, 0, 0, 0, 0, 0, 0, 0, 2, 5
"/Users/lvwang2002/Desktop/CodeSource/work/kang_jia/kang_jia/ios/kang_jia/AppDelegate.h", "C++", 0, 0, 0, 0, 0, 0, 0, 0, 0, 0, 4, 0, 0, 6, 5, 15
"/Users/lvwang2002/Desktop/CodeSource/work/kang_jia/kang_jia/ios/kang_jia/AppDelegate.m", "Objective-C", 0, 0, 0, 0, 0, 0, 0, 0, 0, 0, 0, 0, 21, 6, 9, 36
"/Users/lvwang2002/Desktop/CodeSource/work/kang_jia/kang_jia/ios/kang_jia/Base.lproj/LaunchScreen.xib", "XML", 0, 0, 0, 0, 42, 0, 0, 0, 0, 0, 0, 0, 0, 0, 1, 43
"/Users/lvwang2002/Desktop/CodeSource/work/kang_jia/kang_jia/ios/kang_jia/Images.xcassets/AppIcon.appiconset/Contents.json", "JSON", 0, 0, 0, 0, 0, 0, 0, 0, 0, 0, 0, 38, 0, 0, 0, 38
"/Users/lvwang2002/Desktop/CodeSource/work/kang_jia/kang_jia/ios/kang_jia/Images.xcassets/Contents.json", "JSON", 0, 0, 0, 0, 0, 0, 0, 0, 0, 0, 0, 6, 0, 0, 1, 7
"/Users/lvwang2002/Desktop/CodeSource/work/kang_jia/kang_jia/ios/kang_jia/main.m", "Objective-C", 0, 0, 0, 0, 0, 0, 0, 0, 0, 0, 0, 0, 7, 6, 4, 17
"/Users/lvwang2002/Desktop/CodeSource/work/kang_jia/kang_jia/ios/kang_jiaTests/kang_jiaTests.m", "Objective-C", 0, 0, 0, 0, 0, 0, 0, 0, 0, 0, 0, 0, 47, 6, 16, 69
"/Users/lvwang2002/Desktop/CodeSource/work/kang_jia/kang_jia/package-lock.json", "JSON", 0, 0, 0, 0, 0, 0, 0, 0, 0, 0, 0, 7754, 0, 0, 1, 7755
"/Users/lvwang2002/Desktop/CodeSource/work/kang_jia/kang_jia/package.json", "JSON", 0, 0, 0, 0, 0, 0, 0, 0, 0, 0, 0, 47, 0, 0, 1, 48
"Total", "-", 21310, 626, 18, 132, 8736, 21891, 27, 1, 116, 9, 18, 7850, 75, 9894, 10131, 80834